strain,phage,interaction
ERS739095,K1PH164C1,1
sampleK3,K1PH164C1,0
sampleK4,K1PH164C1,0
ERS812516,K1PH164C1,0
ERS739094,K1PH164C1,0
ERS706552,K1PH164C1,0
ERS523587,K1PH164C1,0
ERS747603,K1PH164C1,0
ERS706553,K1PH164C1,0
ERS659571,K1PH164C1,0
ERS706554,K1PH164C1,0
ERS706555,K1PH164C1,0
ERS743101,K1PH164C1,0
ERS799795,K1PH164C1,0
ERS799796,K1PH164C1,0
ERS764450,K1PH164C1,0
ERS764451,K1PH164C1,0
ERS686707,K1PH164C1,0
ERS523588,K1PH164C1,0
ERS715468,K1PH164C1,0
ERS747612,K1PH164C1,0
ERS685293,K1PH164C1,0
ERS799797,K1PH164C1,0
ERS702127,K1PH164C1,0
ERS715399,K1PH164C1,0
ERS701896,K1PH164C1,0
ERS736962,K1PH164C1,0
ERS686708,K1PH164C1,0
ERS715409,K1PH164C1,0
ERS686709,K1PH164C1,0
ERS764452,K1PH164C1,0
ERS799798,K1PH164C1,0
ERS715410,K1PH164C1,0
ERS686710,K1PH164C1,0
ERS686711,K1PH164C1,0
ERS685294,K1PH164C1,0
ERS747611,K1PH164C1,0
ERS744787,K1PH164C1,0
ERS702128,K1PH164C1,0
ERS715469,K1PH164C1,0
ERS715470,K1PH164C1,0
ERS715471,K1PH164C1,0
ERS706556,K1PH164C1,0
ERS718583,K1PH164C1,0
ERS715400,K1PH164C1,0
ERS702129,K1PH164C1,0
ERS523589,K1PH164C1,0
ERS715401,K1PH164C1,0
ERS715472,K1PH164C1,0
ERS702130,K1PH164C1,0
ERS685295,K1PH164C1,0
ERS718584,K1PH164C1,0
ERS702131,K1PH164C1,0
ERS686706,K1PH164C1,0
ERS702132,K1PH164C1,0
ERS702133,K1PH164C1,0
ERS715473,K1PH164C1,0
ERS659577,K1PH164C1,0
ERS659578,K1PH164C1,0
ERS659579,K1PH164C1,0
ERS659580,K1PH164C1,0
ERS659581,K1PH164C1,0
ERS739095,K2PH164C1,0
sampleK3,K2PH164C1,1
sampleK4,K2PH164C1,0
ERS812516,K2PH164C1,0
ERS739094,K2PH164C1,0
ERS706552,K2PH164C1,0
ERS523587,K2PH164C1,0
ERS747603,K2PH164C1,0
ERS706553,K2PH164C1,0
ERS659571,K2PH164C1,0
ERS706554,K2PH164C1,0
ERS706555,K2PH164C1,0
ERS743101,K2PH164C1,0
ERS799795,K2PH164C1,0
ERS799796,K2PH164C1,0
ERS764450,K2PH164C1,0
ERS764451,K2PH164C1,0
ERS686707,K2PH164C1,0
ERS523588,K2PH164C1,0
ERS715468,K2PH164C1,0
ERS747612,K2PH164C1,0
ERS685293,K2PH164C1,0
ERS799797,K2PH164C1,0
ERS702127,K2PH164C1,0
ERS715399,K2PH164C1,0
ERS701896,K2PH164C1,0
ERS736962,K2PH164C1,0
ERS686708,K2PH164C1,0
ERS715409,K2PH164C1,0
ERS686709,K2PH164C1,0
ERS764452,K2PH164C1,0
ERS799798,K2PH164C1,0
ERS715410,K2PH164C1,0
ERS686710,K2PH164C1,0
ERS686711,K2PH164C1,0
ERS685294,K2PH164C1,0
ERS747611,K2PH164C1,0
ERS744787,K2PH164C1,0
ERS702128,K2PH164C1,0
ERS715469,K2PH164C1,0
ERS715470,K2PH164C1,0
ERS715471,K2PH164C1,0
ERS706556,K2PH164C1,0
ERS718583,K2PH164C1,0
ERS715400,K2PH164C1,0
ERS702129,K2PH164C1,0
ERS523589,K2PH164C1,0
ERS715401,K2PH164C1,0
ERS715472,K2PH164C1,0
ERS702130,K2PH164C1,0
ERS685295,K2PH164C1,0
ERS718584,K2PH164C1,0
ERS702131,K2PH164C1,0
ERS686706,K2PH164C1,0
ERS702132,K2PH164C1,0
ERS702133,K2PH164C1,0
ERS715473,K2PH164C1,0
ERS659577,K2PH164C1,0
ERS659578,K2PH164C1,0
ERS659579,K2PH164C1,0
ERS659580,K2PH164C1,0
ERS659581,K2PH164C1,0
ERS739095,K2PH164C2,0
sampleK3,K2PH164C2,1
sampleK4,K2PH164C2,0
ERS812516,K2PH164C2,0
ERS739094,K2PH164C2,0
ERS706552,K2PH164C2,0
ERS523587,K2PH164C2,0
ERS747603,K2PH164C2,0
ERS706553,K2PH164C2,0
ERS659571,K2PH164C2,0
ERS706554,K2PH164C2,0
ERS706555,K2PH164C2,1
ERS743101,K2PH164C2,0
ERS799795,K2PH164C2,0
ERS799796,K2PH164C2,0
ERS764450,K2PH164C2,0
ERS764451,K2PH164C2,0
ERS686707,K2PH164C2,0
ERS523588,K2PH164C2,0
ERS715468,K2PH164C2,0
ERS747612,K2PH164C2,0
ERS685293,K2PH164C2,0
ERS799797,K2PH164C2,0
ERS702127,K2PH164C2,0
ERS715399,K2PH164C2,0
ERS701896,K2PH164C2,0
ERS736962,K2PH164C2,0
ERS686708,K2PH164C2,0
ERS715409,K2PH164C2,0
ERS686709,K2PH164C2,0
ERS764452,K2PH164C2,0
ERS799798,K2PH164C2,0
ERS715410,K2PH164C2,0
ERS686710,K2PH164C2,0
ERS686711,K2PH164C2,0
ERS685294,K2PH164C2,0
ERS747611,K2PH164C2,0
ERS744787,K2PH164C2,0
ERS702128,K2PH164C2,0
ERS715469,K2PH164C2,0
ERS715470,K2PH164C2,0
ERS715471,K2PH164C2,0
ERS706556,K2PH164C2,0
ERS718583,K2PH164C2,0
ERS715400,K2PH164C2,0
ERS702129,K2PH164C2,0
ERS523589,K2PH164C2,0
ERS715401,K2PH164C2,0
ERS715472,K2PH164C2,0
ERS702130,K2PH164C2,0
ERS685295,K2PH164C2,0
ERS718584,K2PH164C2,0
ERS702131,K2PH164C2,0
ERS686706,K2PH164C2,0
ERS702132,K2PH164C2,0
ERS702133,K2PH164C2,0
ERS715473,K2PH164C2,0
ERS659577,K2PH164C2,0
ERS659578,K2PH164C2,0
ERS659579,K2PH164C2,0
ERS659580,K2PH164C2,0
ERS659581,K2PH164C2,0
ERS739095,K2alfa62,0
sampleK3,K2alfa62,1
sampleK4,K2alfa62,0
ERS812516,K2alfa62,0
ERS739094,K2alfa62,0
ERS706552,K2alfa62,0
ERS523587,K2alfa62,0
ERS747603,K2alfa62,0
ERS706553,K2alfa62,0
ERS659571,K2alfa62,0
ERS706554,K2alfa62,0
ERS706555,K2alfa62,1
ERS743101,K2alfa62,0
ERS799795,K2alfa62,0
ERS799796,K2alfa62,0
ERS764450,K2alfa62,0
ERS764451,K2alfa62,0
ERS686707,K2alfa62,0
ERS523588,K2alfa62,0
ERS715468,K2alfa62,0
ERS747612,K2alfa62,0
ERS685293,K2alfa62,0
ERS799797,K2alfa62,0
ERS702127,K2alfa62,0
ERS715399,K2alfa62,0
ERS701896,K2alfa62,0
ERS736962,K2alfa62,0
ERS686708,K2alfa62,0
ERS715409,K2alfa62,0
ERS686709,K2alfa62,0
ERS764452,K2alfa62,0
ERS799798,K2alfa62,0
ERS715410,K2alfa62,0
ERS686710,K2alfa62,0
ERS686711,K2alfa62,0
ERS685294,K2alfa62,0
ERS747611,K2alfa62,0
ERS744787,K2alfa62,0
ERS702128,K2alfa62,0
ERS715469,K2alfa62,0
ERS715470,K2alfa62,0
ERS715471,K2alfa62,0
ERS706556,K2alfa62,0
ERS718583,K2alfa62,0
ERS715400,K2alfa62,0
ERS702129,K2alfa62,0
ERS523589,K2alfa62,0
ERS715401,K2alfa62,0
ERS715472,K2alfa62,0
ERS702130,K2alfa62,0
ERS685295,K2alfa62,0
ERS718584,K2alfa62,0
ERS702131,K2alfa62,0
ERS686706,K2alfa62,0
ERS702132,K2alfa62,0
ERS702133,K2alfa62,0
ERS715473,K2alfa62,0
ERS659577,K2alfa62,0
ERS659578,K2alfa62,0
ERS659579,K2alfa62,0
ERS659580,K2alfa62,0
ERS659581,K2alfa62,0
ERS739095,K6PH25C3,0
sampleK3,K6PH25C3,0
sampleK4,K6PH25C3,0
ERS812516,K6PH25C3,0
ERS739094,K6PH25C3,1
ERS706552,K6PH25C3,1
ERS523587,K6PH25C3,0
ERS747603,K6PH25C3,0
ERS706553,K6PH25C3,0
ERS659571,K6PH25C3,0
ERS706554,K6PH25C3,0
ERS706555,K6PH25C3,0
ERS743101,K6PH25C3,0
ERS799795,K6PH25C3,0
ERS799796,K6PH25C3,0
ERS764450,K6PH25C3,0
ERS764451,K6PH25C3,0
ERS686707,K6PH25C3,0
ERS523588,K6PH25C3,0
ERS715468,K6PH25C3,0
ERS747612,K6PH25C3,0
ERS685293,K6PH25C3,0
ERS799797,K6PH25C3,0
ERS702127,K6PH25C3,0
ERS715399,K6PH25C3,0
ERS701896,K6PH25C3,0
ERS736962,K6PH25C3,0
ERS686708,K6PH25C3,0
ERS715409,K6PH25C3,0
ERS686709,K6PH25C3,0
ERS764452,K6PH25C3,0
ERS799798,K6PH25C3,0
ERS715410,K6PH25C3,0
ERS686710,K6PH25C3,0
ERS686711,K6PH25C3,0
ERS685294,K6PH25C3,0
ERS747611,K6PH25C3,0
ERS744787,K6PH25C3,0
ERS702128,K6PH25C3,0
ERS715469,K6PH25C3,0
ERS715470,K6PH25C3,0
ERS715471,K6PH25C3,0
ERS706556,K6PH25C3,0
ERS718583,K6PH25C3,0
ERS715400,K6PH25C3,0
ERS702129,K6PH25C3,0
ERS523589,K6PH25C3,0
ERS715401,K6PH25C3,0
ERS715472,K6PH25C3,0
ERS702130,K6PH25C3,0
ERS685295,K6PH25C3,0
ERS718584,K6PH25C3,0
ERS702131,K6PH25C3,0
ERS686706,K6PH25C3,0
ERS702132,K6PH25C3,0
ERS702133,K6PH25C3,0
ERS715473,K6PH25C3,0
ERS659577,K6PH25C3,0
ERS659578,K6PH25C3,0
ERS659579,K6PH25C3,0
ERS659580,K6PH25C3,0
ERS659581,K6PH25C3,0
ERS739095,K7PH164C4,0
sampleK3,K7PH164C4,0
sampleK4,K7PH164C4,0
ERS812516,K7PH164C4,0
ERS739094,K7PH164C4,0
ERS706552,K7PH164C4,1
ERS523587,K7PH164C4,0
ERS747603,K7PH164C4,0
ERS706553,K7PH164C4,0
ERS659571,K7PH164C4,1
ERS706554,K7PH164C4,0
ERS706555,K7PH164C4,1
ERS743101,K7PH164C4,1
ERS799795,K7PH164C4,0
ERS799796,K7PH164C4,0
ERS764450,K7PH164C4,0
ERS764451,K7PH164C4,0
ERS686707,K7PH164C4,0
ERS523588,K7PH164C4,0
ERS715468,K7PH164C4,0
ERS747612,K7PH164C4,0
ERS685293,K7PH164C4,0
ERS799797,K7PH164C4,1
ERS702127,K7PH164C4,1
ERS715399,K7PH164C4,1
ERS701896,K7PH164C4,1
ERS736962,K7PH164C4,0
ERS686708,K7PH164C4,0
ERS715409,K7PH164C4,0
ERS686709,K7PH164C4,1
ERS764452,K7PH164C4,1
ERS799798,K7PH164C4,0
ERS715410,K7PH164C4,0
ERS686710,K7PH164C4,1
ERS686711,K7PH164C4,0
ERS685294,K7PH164C4,0
ERS747611,K7PH164C4,0
ERS744787,K7PH164C4,0
ERS702128,K7PH164C4,1
ERS715469,K7PH164C4,1
ERS715470,K7PH164C4,0
ERS715471,K7PH164C4,0
ERS706556,K7PH164C4,0
ERS718583,K7PH164C4,1
ERS715400,K7PH164C4,0
ERS702129,K7PH164C4,1
ERS523589,K7PH164C4,1
ERS715401,K7PH164C4,0
ERS715472,K7PH164C4,0
ERS702130,K7PH164C4,1
ERS685295,K7PH164C4,0
ERS718584,K7PH164C4,0
ERS702131,K7PH164C4,0
ERS686706,K7PH164C4,1
ERS702132,K7PH164C4,1
ERS702133,K7PH164C4,0
ERS715473,K7PH164C4,1
ERS659577,K7PH164C4,0
ERS659578,K7PH164C4,0
ERS659579,K7PH164C4,0
ERS659580,K7PH164C4,0
ERS659581,K7PH164C4,0
ERS739095,K8PH128,1
sampleK3,K8PH128,0
sampleK4,K8PH128,0
ERS812516,K8PH128,0
ERS739094,K8PH128,0
ERS706552,K8PH128,0
ERS523587,K8PH128,1
ERS747603,K8PH128,0
ERS706553,K8PH128,0
ERS659571,K8PH128,0
ERS706554,K8PH128,0
ERS706555,K8PH128,0
ERS743101,K8PH128,0
ERS799795,K8PH128,0
ERS799796,K8PH128,0
ERS764450,K8PH128,0
ERS764451,K8PH128,0
ERS686707,K8PH128,0
ERS523588,K8PH128,0
ERS715468,K8PH128,0
ERS747612,K8PH128,0
ERS685293,K8PH128,0
ERS799797,K8PH128,0
ERS702127,K8PH128,0
ERS715399,K8PH128,0
ERS701896,K8PH128,0
ERS736962,K8PH128,0
ERS686708,K8PH128,0
ERS715409,K8PH128,0
ERS686709,K8PH128,0
ERS764452,K8PH128,0
ERS799798,K8PH128,0
ERS715410,K8PH128,0
ERS686710,K8PH128,0
ERS686711,K8PH128,0
ERS685294,K8PH128,0
ERS747611,K8PH128,0
ERS744787,K8PH128,0
ERS702128,K8PH128,0
ERS715469,K8PH128,0
ERS715470,K8PH128,0
ERS715471,K8PH128,0
ERS706556,K8PH128,0
ERS718583,K8PH128,0
ERS715400,K8PH128,0
ERS702129,K8PH128,0
ERS523589,K8PH128,0
ERS715401,K8PH128,0
ERS715472,K8PH128,0
ERS702130,K8PH128,0
ERS685295,K8PH128,0
ERS718584,K8PH128,0
ERS702131,K8PH128,0
ERS686706,K8PH128,0
ERS702132,K8PH128,0
ERS702133,K8PH128,0
ERS715473,K8PH128,0
ERS659577,K8PH128,0
ERS659578,K8PH128,0
ERS659579,K8PH128,0
ERS659580,K8PH128,0
ERS659581,K8PH128,0
ERS739095,K9PH25C2,0
sampleK3,K9PH25C2,0
sampleK4,K9PH25C2,0
ERS812516,K9PH25C2,0
ERS739094,K9PH25C2,0
ERS706552,K9PH25C2,0
ERS523587,K9PH25C2,0
ERS747603,K9PH25C2,1
ERS706553,K9PH25C2,0
ERS659571,K9PH25C2,0
ERS706554,K9PH25C2,0
ERS706555,K9PH25C2,0
ERS743101,K9PH25C2,0
ERS799795,K9PH25C2,0
ERS799796,K9PH25C2,0
ERS764450,K9PH25C2,0
ERS764451,K9PH25C2,0
ERS686707,K9PH25C2,0
ERS523588,K9PH25C2,0
ERS715468,K9PH25C2,0
ERS747612,K9PH25C2,0
ERS685293,K9PH25C2,0
ERS799797,K9PH25C2,0
ERS702127,K9PH25C2,0
ERS715399,K9PH25C2,0
ERS701896,K9PH25C2,0
ERS736962,K9PH25C2,0
ERS686708,K9PH25C2,0
ERS715409,K9PH25C2,0
ERS686709,K9PH25C2,0
ERS764452,K9PH25C2,0
ERS799798,K9PH25C2,0
ERS715410,K9PH25C2,0
ERS686710,K9PH25C2,0
ERS686711,K9PH25C2,0
ERS685294,K9PH25C2,0
ERS747611,K9PH25C2,0
ERS744787,K9PH25C2,0
ERS702128,K9PH25C2,0
ERS715469,K9PH25C2,0
ERS715470,K9PH25C2,0
ERS715471,K9PH25C2,0
ERS706556,K9PH25C2,0
ERS718583,K9PH25C2,0
ERS715400,K9PH25C2,0
ERS702129,K9PH25C2,0
ERS523589,K9PH25C2,0
ERS715401,K9PH25C2,0
ERS715472,K9PH25C2,0
ERS702130,K9PH25C2,0
ERS685295,K9PH25C2,0
ERS718584,K9PH25C2,0
ERS702131,K9PH25C2,0
ERS686706,K9PH25C2,0
ERS702132,K9PH25C2,0
ERS702133,K9PH25C2,0
ERS715473,K9PH25C2,0
ERS659577,K9PH25C2,0
ERS659578,K9PH25C2,0
ERS659579,K9PH25C2,0
ERS659580,K9PH25C2,0
ERS659581,K9PH25C2,0
ERS739095,K10PH82C1,0
sampleK3,K10PH82C1,0
sampleK4,K10PH82C1,0
ERS812516,K10PH82C1,0
ERS739094,K10PH82C1,0
ERS706552,K10PH82C1,0
ERS523587,K10PH82C1,0
ERS747603,K10PH82C1,0
ERS706553,K10PH82C1,1
ERS659571,K10PH82C1,0
ERS706554,K10PH82C1,0
ERS706555,K10PH82C1,0
ERS743101,K10PH82C1,0
ERS799795,K10PH82C1,0
ERS799796,K10PH82C1,0
ERS764450,K10PH82C1,0
ERS764451,K10PH82C1,0
ERS686707,K10PH82C1,0
ERS523588,K10PH82C1,0
ERS715468,K10PH82C1,0
ERS747612,K10PH82C1,0
ERS685293,K10PH82C1,0
ERS799797,K10PH82C1,0
ERS702127,K10PH82C1,0
ERS715399,K10PH82C1,0
ERS701896,K10PH82C1,0
ERS736962,K10PH82C1,0
ERS686708,K10PH82C1,0
ERS715409,K10PH82C1,0
ERS686709,K10PH82C1,0
ERS764452,K10PH82C1,0
ERS799798,K10PH82C1,0
ERS715410,K10PH82C1,0
ERS686710,K10PH82C1,0
ERS686711,K10PH82C1,0
ERS685294,K10PH82C1,0
ERS747611,K10PH82C1,0
ERS744787,K10PH82C1,0
ERS702128,K10PH82C1,0
ERS715469,K10PH82C1,0
ERS715470,K10PH82C1,0
ERS715471,K10PH82C1,0
ERS706556,K10PH82C1,0
ERS718583,K10PH82C1,0
ERS715400,K10PH82C1,0
ERS702129,K10PH82C1,0
ERS523589,K10PH82C1,0
ERS715401,K10PH82C1,0
ERS715472,K10PH82C1,0
ERS702130,K10PH82C1,0
ERS685295,K10PH82C1,0
ERS718584,K10PH82C1,0
ERS702131,K10PH82C1,0
ERS686706,K10PH82C1,0
ERS702132,K10PH82C1,0
ERS702133,K10PH82C1,0
ERS715473,K10PH82C1,0
ERS659577,K10PH82C1,0
ERS659578,K10PH82C1,0
ERS659579,K10PH82C1,0
ERS659580,K10PH82C1,0
ERS659581,K10PH82C1,0
ERS739095,K11PH164C1,0
sampleK3,K11PH164C1,0
sampleK4,K11PH164C1,0
ERS812516,K11PH164C1,0
ERS739094,K11PH164C1,0
ERS706552,K11PH164C1,0
ERS523587,K11PH164C1,0
ERS747603,K11PH164C1,0
ERS706553,K11PH164C1,0
ERS659571,K11PH164C1,1
ERS706554,K11PH164C1,0
ERS706555,K11PH164C1,0
ERS743101,K11PH164C1,0
ERS799795,K11PH164C1,0
ERS799796,K11PH164C1,0
ERS764450,K11PH164C1,0
ERS764451,K11PH164C1,0
ERS686707,K11PH164C1,0
ERS523588,K11PH164C1,0
ERS715468,K11PH164C1,0
ERS747612,K11PH164C1,0
ERS685293,K11PH164C1,0
ERS799797,K11PH164C1,0
ERS702127,K11PH164C1,0
ERS715399,K11PH164C1,0
ERS701896,K11PH164C1,0
ERS736962,K11PH164C1,0
ERS686708,K11PH164C1,0
ERS715409,K11PH164C1,0
ERS686709,K11PH164C1,0
ERS764452,K11PH164C1,0
ERS799798,K11PH164C1,0
ERS715410,K11PH164C1,0
ERS686710,K11PH164C1,0
ERS686711,K11PH164C1,0
ERS685294,K11PH164C1,0
ERS747611,K11PH164C1,0
ERS744787,K11PH164C1,0
ERS702128,K11PH164C1,0
ERS715469,K11PH164C1,0
ERS715470,K11PH164C1,0
ERS715471,K11PH164C1,0
ERS706556,K11PH164C1,0
ERS718583,K11PH164C1,0
ERS715400,K11PH164C1,0
ERS702129,K11PH164C1,0
ERS523589,K11PH164C1,1
ERS715401,K11PH164C1,0
ERS715472,K11PH164C1,0
ERS702130,K11PH164C1,0
ERS685295,K11PH164C1,0
ERS718584,K11PH164C1,0
ERS702131,K11PH164C1,0
ERS686706,K11PH164C1,0
ERS702132,K11PH164C1,0
ERS702133,K11PH164C1,0
ERS715473,K11PH164C1,0
ERS659577,K11PH164C1,0
ERS659578,K11PH164C1,0
ERS659579,K11PH164C1,0
ERS659580,K11PH164C1,0
ERS659581,K11PH164C1,0
ERS739095,K12P1_1,0
sampleK3,K12P1_1,0
sampleK4,K12P1_1,0
ERS812516,K12P1_1,0
ERS739094,K12P1_1,0
ERS706552,K12P1_1,0
ERS523587,K12P1_1,0
ERS747603,K12P1_1,0
ERS706553,K12P1_1,0
ERS659571,K12P1_1,0
ERS706554,K12P1_1,1
ERS706555,K12P1_1,0
ERS743101,K12P1_1,0
ERS799795,K12P1_1,0
ERS799796,K12P1_1,0
ERS764450,K12P1_1,0
ERS764451,K12P1_1,0
ERS686707,K12P1_1,0
ERS523588,K12P1_1,0
ERS715468,K12P1_1,0
ERS747612,K12P1_1,0
ERS685293,K12P1_1,0
ERS799797,K12P1_1,0
ERS702127,K12P1_1,0
ERS715399,K12P1_1,0
ERS701896,K12P1_1,0
ERS736962,K12P1_1,0
ERS686708,K12P1_1,0
ERS715409,K12P1_1,0
ERS686709,K12P1_1,0
ERS764452,K12P1_1,0
ERS799798,K12P1_1,0
ERS715410,K12P1_1,0
ERS686710,K12P1_1,0
ERS686711,K12P1_1,0
ERS685294,K12P1_1,0
ERS747611,K12P1_1,0
ERS744787,K12P1_1,0
ERS702128,K12P1_1,0
ERS715469,K12P1_1,0
ERS715470,K12P1_1,0
ERS715471,K12P1_1,0
ERS706556,K12P1_1,0
ERS718583,K12P1_1,0
ERS715400,K12P1_1,0
ERS702129,K12P1_1,0
ERS523589,K12P1_1,0
ERS715401,K12P1_1,0
ERS715472,K12P1_1,0
ERS702130,K12P1_1,0
ERS685295,K12P1_1,0
ERS718584,K12P1_1,0
ERS702131,K12P1_1,0
ERS686706,K12P1_1,0
ERS702132,K12P1_1,0
ERS702133,K12P1_1,0
ERS715473,K12P1_1,0
ERS659577,K12P1_1,0
ERS659578,K12P1_1,0
ERS659579,K12P1_1,0
ERS659580,K12P1_1,0
ERS659581,K12P1_1,0
ERS739095,K13PH07C1L,0
sampleK3,K13PH07C1L,0
sampleK4,K13PH07C1L,0
ERS812516,K13PH07C1L,0
ERS739094,K13PH07C1L,0
ERS706552,K13PH07C1L,0
ERS523587,K13PH07C1L,0
ERS747603,K13PH07C1L,0
ERS706553,K13PH07C1L,0
ERS659571,K13PH07C1L,0
ERS706554,K13PH07C1L,0
ERS706555,K13PH07C1L,1
ERS743101,K13PH07C1L,0
ERS799795,K13PH07C1L,0
ERS799796,K13PH07C1L,0
ERS764450,K13PH07C1L,0
ERS764451,K13PH07C1L,0
ERS686707,K13PH07C1L,0
ERS523588,K13PH07C1L,0
ERS715468,K13PH07C1L,0
ERS747612,K13PH07C1L,0
ERS685293,K13PH07C1L,0
ERS799797,K13PH07C1L,0
ERS702127,K13PH07C1L,0
ERS715399,K13PH07C1L,0
ERS701896,K13PH07C1L,0
ERS736962,K13PH07C1L,0
ERS686708,K13PH07C1L,0
ERS715409,K13PH07C1L,0
ERS686709,K13PH07C1L,0
ERS764452,K13PH07C1L,0
ERS799798,K13PH07C1L,0
ERS715410,K13PH07C1L,0
ERS686710,K13PH07C1L,0
ERS686711,K13PH07C1L,0
ERS685294,K13PH07C1L,0
ERS747611,K13PH07C1L,0
ERS744787,K13PH07C1L,0
ERS702128,K13PH07C1L,0
ERS715469,K13PH07C1L,0
ERS715470,K13PH07C1L,0
ERS715471,K13PH07C1L,0
ERS706556,K13PH07C1L,0
ERS718583,K13PH07C1L,0
ERS715400,K13PH07C1L,0
ERS702129,K13PH07C1L,0
ERS523589,K13PH07C1L,0
ERS715401,K13PH07C1L,0
ERS715472,K13PH07C1L,0
ERS702130,K13PH07C1L,0
ERS685295,K13PH07C1L,0
ERS718584,K13PH07C1L,0
ERS702131,K13PH07C1L,0
ERS686706,K13PH07C1L,0
ERS702132,K13PH07C1L,0
ERS702133,K13PH07C1L,0
ERS715473,K13PH07C1L,0
ERS659577,K13PH07C1L,0
ERS659578,K13PH07C1L,0
ERS659579,K13PH07C1L,0
ERS659580,K13PH07C1L,0
ERS659581,K13PH07C1L,0
ERS739095,K13PH07C1S,0
sampleK3,K13PH07C1S,0
sampleK4,K13PH07C1S,0
ERS812516,K13PH07C1S,0
ERS739094,K13PH07C1S,0
ERS706552,K13PH07C1S,0
ERS523587,K13PH07C1S,0
ERS747603,K13PH07C1S,0
ERS706553,K13PH07C1S,0
ERS659571,K13PH07C1S,0
ERS706554,K13PH07C1S,0
ERS706555,K13PH07C1S,1
ERS743101,K13PH07C1S,0
ERS799795,K13PH07C1S,0
ERS799796,K13PH07C1S,0
ERS764450,K13PH07C1S,0
ERS764451,K13PH07C1S,0
ERS686707,K13PH07C1S,0
ERS523588,K13PH07C1S,0
ERS715468,K13PH07C1S,0
ERS747612,K13PH07C1S,0
ERS685293,K13PH07C1S,0
ERS799797,K13PH07C1S,0
ERS702127,K13PH07C1S,0
ERS715399,K13PH07C1S,0
ERS701896,K13PH07C1S,0
ERS736962,K13PH07C1S,0
ERS686708,K13PH07C1S,0
ERS715409,K13PH07C1S,0
ERS686709,K13PH07C1S,0
ERS764452,K13PH07C1S,0
ERS799798,K13PH07C1S,0
ERS715410,K13PH07C1S,0
ERS686710,K13PH07C1S,0
ERS686711,K13PH07C1S,0
ERS685294,K13PH07C1S,0
ERS747611,K13PH07C1S,0
ERS744787,K13PH07C1S,0
ERS702128,K13PH07C1S,0
ERS715469,K13PH07C1S,0
ERS715470,K13PH07C1S,0
ERS715471,K13PH07C1S,0
ERS706556,K13PH07C1S,0
ERS718583,K13PH07C1S,0
ERS715400,K13PH07C1S,0
ERS702129,K13PH07C1S,0
ERS523589,K13PH07C1S,0
ERS715401,K13PH07C1S,0
ERS715472,K13PH07C1S,0
ERS702130,K13PH07C1S,0
ERS685295,K13PH07C1S,0
ERS718584,K13PH07C1S,0
ERS702131,K13PH07C1S,0
ERS686706,K13PH07C1S,0
ERS702132,K13PH07C1S,0
ERS702133,K13PH07C1S,0
ERS715473,K13PH07C1S,0
ERS659577,K13PH07C1S,0
ERS659578,K13PH07C1S,0
ERS659579,K13PH07C1S,0
ERS659580,K13PH07C1S,0
ERS659581,K13PH07C1S,0
ERS739095,K14PH164C1,0
sampleK3,K14PH164C1,0
sampleK4,K14PH164C1,0
ERS812516,K14PH164C1,0
ERS739094,K14PH164C1,0
ERS706552,K14PH164C1,0
ERS523587,K14PH164C1,0
ERS747603,K14PH164C1,0
ERS706553,K14PH164C1,0
ERS659571,K14PH164C1,0
ERS706554,K14PH164C1,0
ERS706555,K14PH164C1,0
ERS743101,K14PH164C1,1
ERS799795,K14PH164C1,0
ERS799796,K14PH164C1,0
ERS764450,K14PH164C1,0
ERS764451,K14PH164C1,0
ERS686707,K14PH164C1,0
ERS523588,K14PH164C1,0
ERS715468,K14PH164C1,0
ERS747612,K14PH164C1,0
ERS685293,K14PH164C1,0
ERS799797,K14PH164C1,0
ERS702127,K14PH164C1,0
ERS715399,K14PH164C1,0
ERS701896,K14PH164C1,0
ERS736962,K14PH164C1,0
ERS686708,K14PH164C1,0
ERS715409,K14PH164C1,0
ERS686709,K14PH164C1,0
ERS764452,K14PH164C1,0
ERS799798,K14PH164C1,0
ERS715410,K14PH164C1,0
ERS686710,K14PH164C1,0
ERS686711,K14PH164C1,0
ERS685294,K14PH164C1,0
ERS747611,K14PH164C1,0
ERS744787,K14PH164C1,0
ERS702128,K14PH164C1,0
ERS715469,K14PH164C1,0
ERS715470,K14PH164C1,0
ERS715471,K14PH164C1,0
ERS706556,K14PH164C1,0
ERS718583,K14PH164C1,0
ERS715400,K14PH164C1,0
ERS702129,K14PH164C1,0
ERS523589,K14PH164C1,0
ERS715401,K14PH164C1,0
ERS715472,K14PH164C1,0
ERS702130,K14PH164C1,0
ERS685295,K14PH164C1,0
ERS718584,K14PH164C1,0
ERS702131,K14PH164C1,0
ERS686706,K14PH164C1,0
ERS702132,K14PH164C1,0
ERS702133,K14PH164C1,0
ERS715473,K14PH164C1,0
ERS659577,K14PH164C1,0
ERS659578,K14PH164C1,0
ERS659579,K14PH164C1,0
ERS659580,K14PH164C1,0
ERS659581,K14PH164C1,0
ERS739095,K15PH90,0
sampleK3,K15PH90,0
sampleK4,K15PH90,0
ERS812516,K15PH90,0
ERS739094,K15PH90,0
ERS706552,K15PH90,0
ERS523587,K15PH90,0
ERS747603,K15PH90,0
ERS706553,K15PH90,0
ERS659571,K15PH90,0
ERS706554,K15PH90,0
ERS706555,K15PH90,0
ERS743101,K15PH90,0
ERS799795,K15PH90,1
ERS799796,K15PH90,0
ERS764450,K15PH90,0
ERS764451,K15PH90,0
ERS686707,K15PH90,0
ERS523588,K15PH90,0
ERS715468,K15PH90,0
ERS747612,K15PH90,0
ERS685293,K15PH90,0
ERS799797,K15PH90,0
ERS702127,K15PH90,0
ERS715399,K15PH90,0
ERS701896,K15PH90,0
ERS736962,K15PH90,0
ERS686708,K15PH90,0
ERS715409,K15PH90,0
ERS686709,K15PH90,0
ERS764452,K15PH90,0
ERS799798,K15PH90,0
ERS715410,K15PH90,0
ERS686710,K15PH90,0
ERS686711,K15PH90,0
ERS685294,K15PH90,0
ERS747611,K15PH90,0
ERS744787,K15PH90,0
ERS702128,K15PH90,0
ERS715469,K15PH90,0
ERS715470,K15PH90,0
ERS715471,K15PH90,0
ERS706556,K15PH90,0
ERS718583,K15PH90,0
ERS715400,K15PH90,0
ERS702129,K15PH90,0
ERS523589,K15PH90,0
ERS715401,K15PH90,0
ERS715472,K15PH90,0
ERS702130,K15PH90,0
ERS685295,K15PH90,0
ERS718584,K15PH90,0
ERS702131,K15PH90,0
ERS686706,K15PH90,0
ERS702132,K15PH90,0
ERS702133,K15PH90,0
ERS715473,K15PH90,0
ERS659577,K15PH90,0
ERS659578,K15PH90,0
ERS659579,K15PH90,0
ERS659580,K15PH90,0
ERS659581,K15PH90,0
ERS739095,K16PH164C3,0
sampleK3,K16PH164C3,0
sampleK4,K16PH164C3,0
ERS812516,K16PH164C3,0
ERS739094,K16PH164C3,0
ERS706552,K16PH164C3,0
ERS523587,K16PH164C3,0
ERS747603,K16PH164C3,0
ERS706553,K16PH164C3,0
ERS659571,K16PH164C3,0
ERS706554,K16PH164C3,0
ERS706555,K16PH164C3,0
ERS743101,K16PH164C3,0
ERS799795,K16PH164C3,0
ERS799796,K16PH164C3,1
ERS764450,K16PH164C3,0
ERS764451,K16PH164C3,0
ERS686707,K16PH164C3,0
ERS523588,K16PH164C3,0
ERS715468,K16PH164C3,0
ERS747612,K16PH164C3,0
ERS685293,K16PH164C3,0
ERS799797,K16PH164C3,0
ERS702127,K16PH164C3,0
ERS715399,K16PH164C3,0
ERS701896,K16PH164C3,0
ERS736962,K16PH164C3,0
ERS686708,K16PH164C3,0
ERS715409,K16PH164C3,0
ERS686709,K16PH164C3,0
ERS764452,K16PH164C3,0
ERS799798,K16PH164C3,0
ERS715410,K16PH164C3,0
ERS686710,K16PH164C3,0
ERS686711,K16PH164C3,0
ERS685294,K16PH164C3,0
ERS747611,K16PH164C3,0
ERS744787,K16PH164C3,0
ERS702128,K16PH164C3,0
ERS715469,K16PH164C3,0
ERS715470,K16PH164C3,0
ERS715471,K16PH164C3,0
ERS706556,K16PH164C3,0
ERS718583,K16PH164C3,0
ERS715400,K16PH164C3,0
ERS702129,K16PH164C3,0
ERS523589,K16PH164C3,0
ERS715401,K16PH164C3,0
ERS715472,K16PH164C3,0
ERS702130,K16PH164C3,0
ERS685295,K16PH164C3,0
ERS718584,K16PH164C3,0
ERS702131,K16PH164C3,0
ERS686706,K16PH164C3,0
ERS702132,K16PH164C3,0
ERS702133,K16PH164C3,0
ERS715473,K16PH164C3,0
ERS659577,K16PH164C3,0
ERS659578,K16PH164C3,0
ERS659579,K16PH164C3,0
ERS659580,K16PH164C3,0
ERS659581,K16PH164C3,0
ERS739095,K17alfa61,0
sampleK3,K17alfa61,0
sampleK4,K17alfa61,0
ERS812516,K17alfa61,0
ERS739094,K17alfa61,0
ERS706552,K17alfa61,0
ERS523587,K17alfa61,0
ERS747603,K17alfa61,0
ERS706553,K17alfa61,0
ERS659571,K17alfa61,0
ERS706554,K17alfa61,0
ERS706555,K17alfa61,0
ERS743101,K17alfa61,0
ERS799795,K17alfa61,0
ERS799796,K17alfa61,0
ERS764450,K17alfa61,1
ERS764451,K17alfa61,0
ERS686707,K17alfa61,0
ERS523588,K17alfa61,0
ERS715468,K17alfa61,0
ERS747612,K17alfa61,0
ERS685293,K17alfa61,0
ERS799797,K17alfa61,0
ERS702127,K17alfa61,0
ERS715399,K17alfa61,0
ERS701896,K17alfa61,0
ERS736962,K17alfa61,0
ERS686708,K17alfa61,0
ERS715409,K17alfa61,0
ERS686709,K17alfa61,0
ERS764452,K17alfa61,0
ERS799798,K17alfa61,0
ERS715410,K17alfa61,0
ERS686710,K17alfa61,0
ERS686711,K17alfa61,0
ERS685294,K17alfa61,0
ERS747611,K17alfa61,0
ERS744787,K17alfa61,0
ERS702128,K17alfa61,0
ERS715469,K17alfa61,0
ERS715470,K17alfa61,0
ERS715471,K17alfa61,0
ERS706556,K17alfa61,0
ERS718583,K17alfa61,0
ERS715400,K17alfa61,0
ERS702129,K17alfa61,0
ERS523589,K17alfa61,0
ERS715401,K17alfa61,0
ERS715472,K17alfa61,0
ERS702130,K17alfa61,0
ERS685295,K17alfa61,0
ERS718584,K17alfa61,0
ERS702131,K17alfa61,0
ERS686706,K17alfa61,0
ERS702132,K17alfa61,0
ERS702133,K17alfa61,0
ERS715473,K17alfa61,0
ERS659577,K17alfa61,0
ERS659578,K17alfa61,0
ERS659579,K17alfa61,0
ERS659580,K17alfa61,0
ERS659581,K17alfa61,0
ERS739095,K17alfa62,0
sampleK3,K17alfa62,0
sampleK4,K17alfa62,0
ERS812516,K17alfa62,0
ERS739094,K17alfa62,0
ERS706552,K17alfa62,0
ERS523587,K17alfa62,0
ERS747603,K17alfa62,0
ERS706553,K17alfa62,0
ERS659571,K17alfa62,0
ERS706554,K17alfa62,0
ERS706555,K17alfa62,0
ERS743101,K17alfa62,0
ERS799795,K17alfa62,0
ERS799796,K17alfa62,0
ERS764450,K17alfa62,1
ERS764451,K17alfa62,0
ERS686707,K17alfa62,0
ERS523588,K17alfa62,0
ERS715468,K17alfa62,0
ERS747612,K17alfa62,0
ERS685293,K17alfa62,0
ERS799797,K17alfa62,0
ERS702127,K17alfa62,0
ERS715399,K17alfa62,0
ERS701896,K17alfa62,0
ERS736962,K17alfa62,0
ERS686708,K17alfa62,0
ERS715409,K17alfa62,0
ERS686709,K17alfa62,0
ERS764452,K17alfa62,0
ERS799798,K17alfa62,0
ERS715410,K17alfa62,0
ERS686710,K17alfa62,0
ERS686711,K17alfa62,0
ERS685294,K17alfa62,0
ERS747611,K17alfa62,0
ERS744787,K17alfa62,0
ERS702128,K17alfa62,0
ERS715469,K17alfa62,0
ERS715470,K17alfa62,0
ERS715471,K17alfa62,0
ERS706556,K17alfa62,0
ERS718583,K17alfa62,0
ERS715400,K17alfa62,0
ERS702129,K17alfa62,0
ERS523589,K17alfa62,0
ERS715401,K17alfa62,0
ERS715472,K17alfa62,0
ERS702130,K17alfa62,0
ERS685295,K17alfa62,0
ERS718584,K17alfa62,1
ERS702131,K17alfa62,0
ERS686706,K17alfa62,0
ERS702132,K17alfa62,0
ERS702133,K17alfa62,0
ERS715473,K17alfa62,0
ERS659577,K17alfa62,0
ERS659578,K17alfa62,0
ERS659579,K17alfa62,0
ERS659580,K17alfa62,0
ERS659581,K17alfa62,0
ERS739095,K18PH07C1,0
sampleK3,K18PH07C1,0
sampleK4,K18PH07C1,0
ERS812516,K18PH07C1,0
ERS739094,K18PH07C1,0
ERS706552,K18PH07C1,0
ERS523587,K18PH07C1,0
ERS747603,K18PH07C1,0
ERS706553,K18PH07C1,0
ERS659571,K18PH07C1,0
ERS706554,K18PH07C1,1
ERS706555,K18PH07C1,0
ERS743101,K18PH07C1,0
ERS799795,K18PH07C1,0
ERS799796,K18PH07C1,0
ERS764450,K18PH07C1,0
ERS764451,K18PH07C1,1
ERS686707,K18PH07C1,0
ERS523588,K18PH07C1,0
ERS715468,K18PH07C1,0
ERS747612,K18PH07C1,0
ERS685293,K18PH07C1,0
ERS799797,K18PH07C1,0
ERS702127,K18PH07C1,0
ERS715399,K18PH07C1,0
ERS701896,K18PH07C1,0
ERS736962,K18PH07C1,0
ERS686708,K18PH07C1,0
ERS715409,K18PH07C1,0
ERS686709,K18PH07C1,0
ERS764452,K18PH07C1,0
ERS799798,K18PH07C1,0
ERS715410,K18PH07C1,0
ERS686710,K18PH07C1,0
ERS686711,K18PH07C1,0
ERS685294,K18PH07C1,0
ERS747611,K18PH07C1,0
ERS744787,K18PH07C1,0
ERS702128,K18PH07C1,0
ERS715469,K18PH07C1,0
ERS715470,K18PH07C1,0
ERS715471,K18PH07C1,0
ERS706556,K18PH07C1,0
ERS718583,K18PH07C1,0
ERS715400,K18PH07C1,0
ERS702129,K18PH07C1,0
ERS523589,K18PH07C1,0
ERS715401,K18PH07C1,0
ERS715472,K18PH07C1,0
ERS702130,K18PH07C1,0
ERS685295,K18PH07C1,0
ERS718584,K18PH07C1,0
ERS702131,K18PH07C1,0
ERS686706,K18PH07C1,0
ERS702132,K18PH07C1,0
ERS702133,K18PH07C1,0
ERS715473,K18PH07C1,0
ERS659577,K18PH07C1,0
ERS659578,K18PH07C1,0
ERS659579,K18PH07C1,0
ERS659580,K18PH07C1,0
ERS659581,K18PH07C1,0
ERS739095,K2064PH2,0
sampleK3,K2064PH2,0
sampleK4,K2064PH2,0
ERS812516,K2064PH2,0
ERS739094,K2064PH2,0
ERS706552,K2064PH2,0
ERS523587,K2064PH2,0
ERS747603,K2064PH2,0
ERS706553,K2064PH2,0
ERS659571,K2064PH2,1
ERS706554,K2064PH2,1
ERS706555,K2064PH2,0
ERS743101,K2064PH2,1
ERS799795,K2064PH2,0
ERS799796,K2064PH2,0
ERS764450,K2064PH2,0
ERS764451,K2064PH2,0
ERS686707,K2064PH2,1
ERS523588,K2064PH2,0
ERS715468,K2064PH2,0
ERS747612,K2064PH2,0
ERS685293,K2064PH2,0
ERS799797,K2064PH2,0
ERS702127,K2064PH2,0
ERS715399,K2064PH2,0
ERS701896,K2064PH2,0
ERS736962,K2064PH2,0
ERS686708,K2064PH2,1
ERS715409,K2064PH2,0
ERS686709,K2064PH2,1
ERS764452,K2064PH2,0
ERS799798,K2064PH2,0
ERS715410,K2064PH2,0
ERS686710,K2064PH2,1
ERS686711,K2064PH2,0
ERS685294,K2064PH2,0
ERS747611,K2064PH2,0
ERS744787,K2064PH2,0
ERS702128,K2064PH2,0
ERS715469,K2064PH2,0
ERS715470,K2064PH2,0
ERS715471,K2064PH2,0
ERS706556,K2064PH2,0
ERS718583,K2064PH2,0
ERS715400,K2064PH2,0
ERS702129,K2064PH2,0
ERS523589,K2064PH2,0
ERS715401,K2064PH2,0
ERS715472,K2064PH2,0
ERS702130,K2064PH2,1
ERS685295,K2064PH2,0
ERS718584,K2064PH2,1
ERS702131,K2064PH2,1
ERS686706,K2064PH2,1
ERS702132,K2064PH2,0
ERS702133,K2064PH2,0
ERS715473,K2064PH2,0
ERS659577,K2064PH2,1
ERS659578,K2064PH2,0
ERS659579,K2064PH2,0
ERS659580,K2064PH2,0
ERS659581,K2064PH2,0
ERS739095,K2069PH1,0
sampleK3,K2069PH1,0
sampleK4,K2069PH1,0
ERS812516,K2069PH1,0
ERS739094,K2069PH1,0
ERS706552,K2069PH1,0
ERS523587,K2069PH1,0
ERS747603,K2069PH1,0
ERS706553,K2069PH1,0
ERS659571,K2069PH1,0
ERS706554,K2069PH1,0
ERS706555,K2069PH1,0
ERS743101,K2069PH1,0
ERS799795,K2069PH1,0
ERS799796,K2069PH1,0
ERS764450,K2069PH1,0
ERS764451,K2069PH1,0
ERS686707,K2069PH1,1
ERS523588,K2069PH1,0
ERS715468,K2069PH1,0
ERS747612,K2069PH1,0
ERS685293,K2069PH1,0
ERS799797,K2069PH1,0
ERS702127,K2069PH1,0
ERS715399,K2069PH1,0
ERS701896,K2069PH1,0
ERS736962,K2069PH1,0
ERS686708,K2069PH1,1
ERS715409,K2069PH1,0
ERS686709,K2069PH1,1
ERS764452,K2069PH1,0
ERS799798,K2069PH1,0
ERS715410,K2069PH1,0
ERS686710,K2069PH1,1
ERS686711,K2069PH1,0
ERS685294,K2069PH1,0
ERS747611,K2069PH1,0
ERS744787,K2069PH1,0
ERS702128,K2069PH1,0
ERS715469,K2069PH1,0
ERS715470,K2069PH1,0
ERS715471,K2069PH1,0
ERS706556,K2069PH1,0
ERS718583,K2069PH1,0
ERS715400,K2069PH1,0
ERS702129,K2069PH1,0
ERS523589,K2069PH1,0
ERS715401,K2069PH1,0
ERS715472,K2069PH1,0
ERS702130,K2069PH1,0
ERS685295,K2069PH1,0
ERS718584,K2069PH1,1
ERS702131,K2069PH1,0
ERS686706,K2069PH1,1
ERS702132,K2069PH1,0
ERS702133,K2069PH1,0
ERS715473,K2069PH1,0
ERS659577,K2069PH1,0
ERS659578,K2069PH1,0
ERS659579,K2069PH1,0
ERS659580,K2069PH1,0
ERS659581,K2069PH1,0
ERS739095,K21lambda1,0
sampleK3,K21lambda1,0
sampleK4,K21lambda1,0
ERS812516,K21lambda1,0
ERS739094,K21lambda1,0
ERS706552,K21lambda1,0
ERS523587,K21lambda1,0
ERS747603,K21lambda1,0
ERS706553,K21lambda1,0
ERS659571,K21lambda1,0
ERS706554,K21lambda1,0
ERS706555,K21lambda1,0
ERS743101,K21lambda1,0
ERS799795,K21lambda1,0
ERS799796,K21lambda1,0
ERS764450,K21lambda1,0
ERS764451,K21lambda1,0
ERS686707,K21lambda1,0
ERS523588,K21lambda1,0
ERS715468,K21lambda1,0
ERS747612,K21lambda1,0
ERS685293,K21lambda1,0
ERS799797,K21lambda1,0
ERS702127,K21lambda1,0
ERS715399,K21lambda1,0
ERS701896,K21lambda1,0
ERS736962,K21lambda1,0
ERS686708,K21lambda1,0
ERS715409,K21lambda1,0
ERS686709,K21lambda1,0
ERS764452,K21lambda1,0
ERS799798,K21lambda1,0
ERS715410,K21lambda1,0
ERS686710,K21lambda1,0
ERS686711,K21lambda1,0
ERS685294,K21lambda1,0
ERS747611,K21lambda1,0
ERS744787,K21lambda1,0
ERS702128,K21lambda1,0
ERS715469,K21lambda1,0
ERS715470,K21lambda1,0
ERS715471,K21lambda1,0
ERS706556,K21lambda1,0
ERS718583,K21lambda1,0
ERS715400,K21lambda1,0
ERS702129,K21lambda1,0
ERS523589,K21lambda1,0
ERS715401,K21lambda1,0
ERS715472,K21lambda1,0
ERS702130,K21lambda1,0
ERS685295,K21lambda1,0
ERS718584,K21lambda1,0
ERS702131,K21lambda1,0
ERS686706,K21lambda1,0
ERS702132,K21lambda1,0
ERS702133,K21lambda1,0
ERS715473,K21lambda1,0
ERS659577,K21lambda1,0
ERS659578,K21lambda1,0
ERS659579,K21lambda1,0
ERS659580,K21lambda1,0
ERS659581,K21lambda1,0
ERS739095,K23PH08C2,0
sampleK3,K23PH08C2,0
sampleK4,K23PH08C2,0
ERS812516,K23PH08C2,0
ERS739094,K23PH08C2,0
ERS706552,K23PH08C2,0
ERS523587,K23PH08C2,0
ERS747603,K23PH08C2,0
ERS706553,K23PH08C2,0
ERS659571,K23PH08C2,0
ERS706554,K23PH08C2,0
ERS706555,K23PH08C2,0
ERS743101,K23PH08C2,0
ERS799795,K23PH08C2,0
ERS799796,K23PH08C2,0
ERS764450,K23PH08C2,0
ERS764451,K23PH08C2,0
ERS686707,K23PH08C2,0
ERS523588,K23PH08C2,0
ERS715468,K23PH08C2,0
ERS747612,K23PH08C2,0
ERS685293,K23PH08C2,0
ERS799797,K23PH08C2,0
ERS702127,K23PH08C2,0
ERS715399,K23PH08C2,0
ERS701896,K23PH08C2,0
ERS736962,K23PH08C2,0
ERS686708,K23PH08C2,0
ERS715409,K23PH08C2,0
ERS686709,K23PH08C2,0
ERS764452,K23PH08C2,0
ERS799798,K23PH08C2,0
ERS715410,K23PH08C2,0
ERS686710,K23PH08C2,0
ERS686711,K23PH08C2,0
ERS685294,K23PH08C2,0
ERS747611,K23PH08C2,0
ERS744787,K23PH08C2,0
ERS702128,K23PH08C2,0
ERS715469,K23PH08C2,0
ERS715470,K23PH08C2,0
ERS715471,K23PH08C2,0
ERS706556,K23PH08C2,0
ERS718583,K23PH08C2,1
ERS715400,K23PH08C2,0
ERS702129,K23PH08C2,0
ERS523589,K23PH08C2,0
ERS715401,K23PH08C2,1
ERS715472,K23PH08C2,0
ERS702130,K23PH08C2,0
ERS685295,K23PH08C2,0
ERS718584,K23PH08C2,0
ERS702131,K23PH08C2,0
ERS686706,K23PH08C2,0
ERS702132,K23PH08C2,0
ERS702133,K23PH08C2,0
ERS715473,K23PH08C2,0
ERS659577,K23PH08C2,0
ERS659578,K23PH08C2,0
ERS659579,K23PH08C2,0
ERS659580,K23PH08C2,0
ERS659581,K23PH08C2,0
ERS739095,K25PH129C1,0
sampleK3,K25PH129C1,0
sampleK4,K25PH129C1,0
ERS812516,K25PH129C1,0
ERS739094,K25PH129C1,0
ERS706552,K25PH129C1,0
ERS523587,K25PH129C1,0
ERS747603,K25PH129C1,0
ERS706553,K25PH129C1,0
ERS659571,K25PH129C1,0
ERS706554,K25PH129C1,0
ERS706555,K25PH129C1,0
ERS743101,K25PH129C1,0
ERS799795,K25PH129C1,0
ERS799796,K25PH129C1,0
ERS764450,K25PH129C1,0
ERS764451,K25PH129C1,0
ERS686707,K25PH129C1,0
ERS523588,K25PH129C1,0
ERS715468,K25PH129C1,0
ERS747612,K25PH129C1,0
ERS685293,K25PH129C1,1
ERS799797,K25PH129C1,0
ERS702127,K25PH129C1,0
ERS715399,K25PH129C1,0
ERS701896,K25PH129C1,0
ERS736962,K25PH129C1,0
ERS686708,K25PH129C1,0
ERS715409,K25PH129C1,0
ERS686709,K25PH129C1,0
ERS764452,K25PH129C1,0
ERS799798,K25PH129C1,0
ERS715410,K25PH129C1,0
ERS686710,K25PH129C1,0
ERS686711,K25PH129C1,0
ERS685294,K25PH129C1,0
ERS747611,K25PH129C1,0
ERS744787,K25PH129C1,0
ERS702128,K25PH129C1,0
ERS715469,K25PH129C1,0
ERS715470,K25PH129C1,0
ERS715471,K25PH129C1,0
ERS706556,K25PH129C1,0
ERS718583,K25PH129C1,0
ERS715400,K25PH129C1,0
ERS702129,K25PH129C1,0
ERS523589,K25PH129C1,0
ERS715401,K25PH129C1,0
ERS715472,K25PH129C1,0
ERS702130,K25PH129C1,0
ERS685295,K25PH129C1,0
ERS718584,K25PH129C1,0
ERS702131,K25PH129C1,0
ERS686706,K25PH129C1,0
ERS702132,K25PH129C1,0
ERS702133,K25PH129C1,0
ERS715473,K25PH129C1,0
ERS659577,K25PH129C1,0
ERS659578,K25PH129C1,0
ERS659579,K25PH129C1,0
ERS659580,K25PH129C1,0
ERS659581,K25PH129C1,0
ERS739095,K27PH129C1,0
sampleK3,K27PH129C1,0
sampleK4,K27PH129C1,0
ERS812516,K27PH129C1,0
ERS739094,K27PH129C1,0
ERS706552,K27PH129C1,0
ERS523587,K27PH129C1,0
ERS747603,K27PH129C1,0
ERS706553,K27PH129C1,0
ERS659571,K27PH129C1,0
ERS706554,K27PH129C1,0
ERS706555,K27PH129C1,0
ERS743101,K27PH129C1,0
ERS799795,K27PH129C1,0
ERS799796,K27PH129C1,0
ERS764450,K27PH129C1,0
ERS764451,K27PH129C1,0
ERS686707,K27PH129C1,0
ERS523588,K27PH129C1,0
ERS715468,K27PH129C1,0
ERS747612,K27PH129C1,0
ERS685293,K27PH129C1,0
ERS799797,K27PH129C1,0
ERS702127,K27PH129C1,0
ERS715399,K27PH129C1,0
ERS701896,K27PH129C1,0
ERS736962,K27PH129C1,0
ERS686708,K27PH129C1,0
ERS715409,K27PH129C1,0
ERS686709,K27PH129C1,0
ERS764452,K27PH129C1,0
ERS799798,K27PH129C1,0
ERS715410,K27PH129C1,0
ERS686710,K27PH129C1,0
ERS686711,K27PH129C1,0
ERS685294,K27PH129C1,0
ERS747611,K27PH129C1,0
ERS744787,K27PH129C1,0
ERS702128,K27PH129C1,0
ERS715469,K27PH129C1,0
ERS715470,K27PH129C1,0
ERS715471,K27PH129C1,0
ERS706556,K27PH129C1,0
ERS718583,K27PH129C1,0
ERS715400,K27PH129C1,0
ERS702129,K27PH129C1,0
ERS523589,K27PH129C1,0
ERS715401,K27PH129C1,0
ERS715472,K27PH129C1,0
ERS702130,K27PH129C1,0
ERS685295,K27PH129C1,0
ERS718584,K27PH129C1,0
ERS702131,K27PH129C1,0
ERS686706,K27PH129C1,0
ERS702132,K27PH129C1,0
ERS702133,K27PH129C1,0
ERS715473,K27PH129C1,0
ERS659577,K27PH129C1,0
ERS659578,K27PH129C1,0
ERS659579,K27PH129C1,0
ERS659580,K27PH129C1,0
ERS659581,K27PH129C1,0
ERS739095,K28PH129,0
sampleK3,K28PH129,0
sampleK4,K28PH129,0
ERS812516,K28PH129,0
ERS739094,K28PH129,0
ERS706552,K28PH129,0
ERS523587,K28PH129,0
ERS747603,K28PH129,0
ERS706553,K28PH129,0
ERS659571,K28PH129,0
ERS706554,K28PH129,0
ERS706555,K28PH129,0
ERS743101,K28PH129,0
ERS799795,K28PH129,0
ERS799796,K28PH129,0
ERS764450,K28PH129,0
ERS764451,K28PH129,0
ERS686707,K28PH129,0
ERS523588,K28PH129,0
ERS715468,K28PH129,0
ERS747612,K28PH129,0
ERS685293,K28PH129,0
ERS799797,K28PH129,0
ERS702127,K28PH129,0
ERS715399,K28PH129,0
ERS701896,K28PH129,0
ERS736962,K28PH129,0
ERS686708,K28PH129,0
ERS715409,K28PH129,0
ERS686709,K28PH129,0
ERS764452,K28PH129,0
ERS799798,K28PH129,0
ERS715410,K28PH129,0
ERS686710,K28PH129,0
ERS686711,K28PH129,0
ERS685294,K28PH129,0
ERS747611,K28PH129,0
ERS744787,K28PH129,0
ERS702128,K28PH129,0
ERS715469,K28PH129,0
ERS715470,K28PH129,0
ERS715471,K28PH129,0
ERS706556,K28PH129,0
ERS718583,K28PH129,0
ERS715400,K28PH129,0
ERS702129,K28PH129,0
ERS523589,K28PH129,0
ERS715401,K28PH129,0
ERS715472,K28PH129,0
ERS702130,K28PH129,0
ERS685295,K28PH129,0
ERS718584,K28PH129,0
ERS702131,K28PH129,0
ERS686706,K28PH129,0
ERS702132,K28PH129,0
ERS702133,K28PH129,0
ERS715473,K28PH129,0
ERS659577,K28PH129,0
ERS659578,K28PH129,0
ERS659579,K28PH129,0
ERS659580,K28PH129,0
ERS659581,K28PH129,0
ERS739095,K29PH164C1,0
sampleK3,K29PH164C1,0
sampleK4,K29PH164C1,0
ERS812516,K29PH164C1,0
ERS739094,K29PH164C1,0
ERS706552,K29PH164C1,0
ERS523587,K29PH164C1,0
ERS747603,K29PH164C1,0
ERS706553,K29PH164C1,0
ERS659571,K29PH164C1,0
ERS706554,K29PH164C1,0
ERS706555,K29PH164C1,0
ERS743101,K29PH164C1,0
ERS799795,K29PH164C1,0
ERS799796,K29PH164C1,0
ERS764450,K29PH164C1,0
ERS764451,K29PH164C1,0
ERS686707,K29PH164C1,0
ERS523588,K29PH164C1,0
ERS715468,K29PH164C1,0
ERS747612,K29PH164C1,1
ERS685293,K29PH164C1,0
ERS799797,K29PH164C1,0
ERS702127,K29PH164C1,1
ERS715399,K29PH164C1,0
ERS701896,K29PH164C1,0
ERS736962,K29PH164C1,0
ERS686708,K29PH164C1,0
ERS715409,K29PH164C1,0
ERS686709,K29PH164C1,0
ERS764452,K29PH164C1,0
ERS799798,K29PH164C1,0
ERS715410,K29PH164C1,0
ERS686710,K29PH164C1,0
ERS686711,K29PH164C1,0
ERS685294,K29PH164C1,0
ERS747611,K29PH164C1,0
ERS744787,K29PH164C1,0
ERS702128,K29PH164C1,0
ERS715469,K29PH164C1,0
ERS715470,K29PH164C1,0
ERS715471,K29PH164C1,0
ERS706556,K29PH164C1,0
ERS718583,K29PH164C1,0
ERS715400,K29PH164C1,0
ERS702129,K29PH164C1,0
ERS523589,K29PH164C1,0
ERS715401,K29PH164C1,0
ERS715472,K29PH164C1,0
ERS702130,K29PH164C1,0
ERS685295,K29PH164C1,0
ERS718584,K29PH164C1,1
ERS702131,K29PH164C1,0
ERS686706,K29PH164C1,0
ERS702132,K29PH164C1,0
ERS702133,K29PH164C1,0
ERS715473,K29PH164C1,0
ERS659577,K29PH164C1,0
ERS659578,K29PH164C1,1
ERS659579,K29PH164C1,0
ERS659580,K29PH164C1,0
ERS659581,K29PH164C1,0
ERS739095,K30lambda2,0
sampleK3,K30lambda2,0
sampleK4,K30lambda2,0
ERS812516,K30lambda2,0
ERS739094,K30lambda2,0
ERS706552,K30lambda2,1
ERS523587,K30lambda2,0
ERS747603,K30lambda2,0
ERS706553,K30lambda2,0
ERS659571,K30lambda2,1
ERS706554,K30lambda2,0
ERS706555,K30lambda2,1
ERS743101,K30lambda2,1
ERS799795,K30lambda2,0
ERS799796,K30lambda2,0
ERS764450,K30lambda2,0
ERS764451,K30lambda2,0
ERS686707,K30lambda2,0
ERS523588,K30lambda2,0
ERS715468,K30lambda2,0
ERS747612,K30lambda2,0
ERS685293,K30lambda2,0
ERS799797,K30lambda2,1
ERS702127,K30lambda2,1
ERS715399,K30lambda2,1
ERS701896,K30lambda2,1
ERS736962,K30lambda2,1
ERS686708,K30lambda2,0
ERS715409,K30lambda2,0
ERS686709,K30lambda2,1
ERS764452,K30lambda2,1
ERS799798,K30lambda2,0
ERS715410,K30lambda2,0
ERS686710,K30lambda2,0
ERS686711,K30lambda2,0
ERS685294,K30lambda2,0
ERS747611,K30lambda2,0
ERS744787,K30lambda2,1
ERS702128,K30lambda2,0
ERS715469,K30lambda2,1
ERS715470,K30lambda2,0
ERS715471,K30lambda2,0
ERS706556,K30lambda2,0
ERS718583,K30lambda2,0
ERS715400,K30lambda2,0
ERS702129,K30lambda2,1
ERS523589,K30lambda2,0
ERS715401,K30lambda2,0
ERS715472,K30lambda2,0
ERS702130,K30lambda2,0
ERS685295,K30lambda2,0
ERS718584,K30lambda2,0
ERS702131,K30lambda2,0
ERS686706,K30lambda2,1
ERS702132,K30lambda2,1
ERS702133,K30lambda2,0
ERS715473,K30lambda2,1
ERS659577,K30lambda2,0
ERS659578,K30lambda2,0
ERS659579,K30lambda2,1
ERS659580,K30lambda2,0
ERS659581,K30lambda2,0
ERS739095,K32PH164C1,0
sampleK3,K32PH164C1,0
sampleK4,K32PH164C1,0
ERS812516,K32PH164C1,0
ERS739094,K32PH164C1,0
ERS706552,K32PH164C1,0
ERS523587,K32PH164C1,0
ERS747603,K32PH164C1,0
ERS706553,K32PH164C1,0
ERS659571,K32PH164C1,0
ERS706554,K32PH164C1,0
ERS706555,K32PH164C1,0
ERS743101,K32PH164C1,0
ERS799795,K32PH164C1,0
ERS799796,K32PH164C1,0
ERS764450,K32PH164C1,0
ERS764451,K32PH164C1,0
ERS686707,K32PH164C1,0
ERS523588,K32PH164C1,0
ERS715468,K32PH164C1,0
ERS747612,K32PH164C1,0
ERS685293,K32PH164C1,0
ERS799797,K32PH164C1,0
ERS702127,K32PH164C1,0
ERS715399,K32PH164C1,0
ERS701896,K32PH164C1,0
ERS736962,K32PH164C1,1
ERS686708,K32PH164C1,0
ERS715409,K32PH164C1,0
ERS686709,K32PH164C1,0
ERS764452,K32PH164C1,0
ERS799798,K32PH164C1,0
ERS715410,K32PH164C1,0
ERS686710,K32PH164C1,0
ERS686711,K32PH164C1,0
ERS685294,K32PH164C1,0
ERS747611,K32PH164C1,0
ERS744787,K32PH164C1,0
ERS702128,K32PH164C1,0
ERS715469,K32PH164C1,0
ERS715470,K32PH164C1,0
ERS715471,K32PH164C1,0
ERS706556,K32PH164C1,0
ERS718583,K32PH164C1,0
ERS715400,K32PH164C1,0
ERS702129,K32PH164C1,1
ERS523589,K32PH164C1,0
ERS715401,K32PH164C1,0
ERS715472,K32PH164C1,0
ERS702130,K32PH164C1,0
ERS685295,K32PH164C1,0
ERS718584,K32PH164C1,0
ERS702131,K32PH164C1,0
ERS686706,K32PH164C1,0
ERS702132,K32PH164C1,0
ERS702133,K32PH164C1,0
ERS715473,K32PH164C1,0
ERS659577,K32PH164C1,0
ERS659578,K32PH164C1,0
ERS659579,K32PH164C1,0
ERS659580,K32PH164C1,0
ERS659581,K32PH164C1,0
ERS739095,K33PH14C2,0
sampleK3,K33PH14C2,0
sampleK4,K33PH14C2,0
ERS812516,K33PH14C2,0
ERS739094,K33PH14C2,0
ERS706552,K33PH14C2,0
ERS523587,K33PH14C2,0
ERS747603,K33PH14C2,0
ERS706553,K33PH14C2,0
ERS659571,K33PH14C2,1
ERS706554,K33PH14C2,0
ERS706555,K33PH14C2,0
ERS743101,K33PH14C2,0
ERS799795,K33PH14C2,0
ERS799796,K33PH14C2,0
ERS764450,K33PH14C2,0
ERS764451,K33PH14C2,0
ERS686707,K33PH14C2,0
ERS523588,K33PH14C2,0
ERS715468,K33PH14C2,0
ERS747612,K33PH14C2,0
ERS685293,K33PH14C2,0
ERS799797,K33PH14C2,0
ERS702127,K33PH14C2,0
ERS715399,K33PH14C2,0
ERS701896,K33PH14C2,0
ERS736962,K33PH14C2,0
ERS686708,K33PH14C2,1
ERS715409,K33PH14C2,0
ERS686709,K33PH14C2,1
ERS764452,K33PH14C2,0
ERS799798,K33PH14C2,0
ERS715410,K33PH14C2,0
ERS686710,K33PH14C2,0
ERS686711,K33PH14C2,0
ERS685294,K33PH14C2,0
ERS747611,K33PH14C2,0
ERS744787,K33PH14C2,0
ERS702128,K33PH14C2,0
ERS715469,K33PH14C2,0
ERS715470,K33PH14C2,0
ERS715471,K33PH14C2,0
ERS706556,K33PH14C2,0
ERS718583,K33PH14C2,0
ERS715400,K33PH14C2,0
ERS702129,K33PH14C2,0
ERS523589,K33PH14C2,0
ERS715401,K33PH14C2,0
ERS715472,K33PH14C2,0
ERS702130,K33PH14C2,0
ERS685295,K33PH14C2,0
ERS718584,K33PH14C2,0
ERS702131,K33PH14C2,0
ERS686706,K33PH14C2,0
ERS702132,K33PH14C2,0
ERS702133,K33PH14C2,0
ERS715473,K33PH14C2,0
ERS659577,K33PH14C2,0
ERS659578,K33PH14C2,0
ERS659579,K33PH14C2,0
ERS659580,K33PH14C2,0
ERS659581,K33PH14C2,0
ERS739095,K34PH164,0
sampleK3,K34PH164,0
sampleK4,K34PH164,0
ERS812516,K34PH164,0
ERS739094,K34PH164,0
ERS706552,K34PH164,1
ERS523587,K34PH164,1
ERS747603,K34PH164,0
ERS706553,K34PH164,0
ERS659571,K34PH164,1
ERS706554,K34PH164,0
ERS706555,K34PH164,0
ERS743101,K34PH164,0
ERS799795,K34PH164,0
ERS799796,K34PH164,0
ERS764450,K34PH164,0
ERS764451,K34PH164,0
ERS686707,K34PH164,0
ERS523588,K34PH164,0
ERS715468,K34PH164,0
ERS747612,K34PH164,0
ERS685293,K34PH164,0
ERS799797,K34PH164,0
ERS702127,K34PH164,0
ERS715399,K34PH164,0
ERS701896,K34PH164,0
ERS736962,K34PH164,0
ERS686708,K34PH164,0
ERS715409,K34PH164,1
ERS686709,K34PH164,0
ERS764452,K34PH164,0
ERS799798,K34PH164,0
ERS715410,K34PH164,0
ERS686710,K34PH164,0
ERS686711,K34PH164,0
ERS685294,K34PH164,0
ERS747611,K34PH164,0
ERS744787,K34PH164,0
ERS702128,K34PH164,0
ERS715469,K34PH164,0
ERS715470,K34PH164,1
ERS715471,K34PH164,0
ERS706556,K34PH164,0
ERS718583,K34PH164,0
ERS715400,K34PH164,0
ERS702129,K34PH164,0
ERS523589,K34PH164,0
ERS715401,K34PH164,0
ERS715472,K34PH164,0
ERS702130,K34PH164,1
ERS685295,K34PH164,0
ERS718584,K34PH164,0
ERS702131,K34PH164,0
ERS686706,K34PH164,1
ERS702132,K34PH164,0
ERS702133,K34PH164,0
ERS715473,K34PH164,1
ERS659577,K34PH164,0
ERS659578,K34PH164,0
ERS659579,K34PH164,0
ERS659580,K34PH164,0
ERS659581,K34PH164,0
ERS739095,K35PH164C3,0
sampleK3,K35PH164C3,0
sampleK4,K35PH164C3,0
ERS812516,K35PH164C3,0
ERS739094,K35PH164C3,0
ERS706552,K35PH164C3,0
ERS523587,K35PH164C3,0
ERS747603,K35PH164C3,0
ERS706553,K35PH164C3,0
ERS659571,K35PH164C3,0
ERS706554,K35PH164C3,0
ERS706555,K35PH164C3,0
ERS743101,K35PH164C3,0
ERS799795,K35PH164C3,0
ERS799796,K35PH164C3,0
ERS764450,K35PH164C3,0
ERS764451,K35PH164C3,0
ERS686707,K35PH164C3,0
ERS523588,K35PH164C3,0
ERS715468,K35PH164C3,0
ERS747612,K35PH164C3,0
ERS685293,K35PH164C3,0
ERS799797,K35PH164C3,0
ERS702127,K35PH164C3,0
ERS715399,K35PH164C3,1
ERS701896,K35PH164C3,0
ERS736962,K35PH164C3,0
ERS686708,K35PH164C3,0
ERS715409,K35PH164C3,0
ERS686709,K35PH164C3,1
ERS764452,K35PH164C3,1
ERS799798,K35PH164C3,0
ERS715410,K35PH164C3,0
ERS686710,K35PH164C3,0
ERS686711,K35PH164C3,0
ERS685294,K35PH164C3,0
ERS747611,K35PH164C3,0
ERS744787,K35PH164C3,0
ERS702128,K35PH164C3,0
ERS715469,K35PH164C3,0
ERS715470,K35PH164C3,0
ERS715471,K35PH164C3,0
ERS706556,K35PH164C3,0
ERS718583,K35PH164C3,0
ERS715400,K35PH164C3,0
ERS702129,K35PH164C3,0
ERS523589,K35PH164C3,0
ERS715401,K35PH164C3,0
ERS715472,K35PH164C3,0
ERS702130,K35PH164C3,0
ERS685295,K35PH164C3,0
ERS718584,K35PH164C3,0
ERS702131,K35PH164C3,0
ERS686706,K35PH164C3,0
ERS702132,K35PH164C3,0
ERS702133,K35PH164C3,0
ERS715473,K35PH164C3,0
ERS659577,K35PH164C3,0
ERS659578,K35PH164C3,0
ERS659579,K35PH164C3,0
ERS659580,K35PH164C3,0
ERS659581,K35PH164C3,0
ERS739095,K39PH122C2,0
sampleK3,K39PH122C2,0
sampleK4,K39PH122C2,0
ERS812516,K39PH122C2,0
ERS739094,K39PH122C2,0
ERS706552,K39PH122C2,0
ERS523587,K39PH122C2,0
ERS747603,K39PH122C2,0
ERS706553,K39PH122C2,0
ERS659571,K39PH122C2,0
ERS706554,K39PH122C2,0
ERS706555,K39PH122C2,0
ERS743101,K39PH122C2,0
ERS799795,K39PH122C2,0
ERS799796,K39PH122C2,0
ERS764450,K39PH122C2,0
ERS764451,K39PH122C2,0
ERS686707,K39PH122C2,0
ERS523588,K39PH122C2,0
ERS715468,K39PH122C2,0
ERS747612,K39PH122C2,0
ERS685293,K39PH122C2,0
ERS799797,K39PH122C2,0
ERS702127,K39PH122C2,0
ERS715399,K39PH122C2,0
ERS701896,K39PH122C2,0
ERS736962,K39PH122C2,0
ERS686708,K39PH122C2,0
ERS715409,K39PH122C2,0
ERS686709,K39PH122C2,0
ERS764452,K39PH122C2,1
ERS799798,K39PH122C2,0
ERS715410,K39PH122C2,0
ERS686710,K39PH122C2,1
ERS686711,K39PH122C2,0
ERS685294,K39PH122C2,0
ERS747611,K39PH122C2,0
ERS744787,K39PH122C2,0
ERS702128,K39PH122C2,0
ERS715469,K39PH122C2,0
ERS715470,K39PH122C2,0
ERS715471,K39PH122C2,0
ERS706556,K39PH122C2,0
ERS718583,K39PH122C2,0
ERS715400,K39PH122C2,0
ERS702129,K39PH122C2,0
ERS523589,K39PH122C2,0
ERS715401,K39PH122C2,0
ERS715472,K39PH122C2,0
ERS702130,K39PH122C2,0
ERS685295,K39PH122C2,0
ERS718584,K39PH122C2,0
ERS702131,K39PH122C2,0
ERS686706,K39PH122C2,0
ERS702132,K39PH122C2,0
ERS702133,K39PH122C2,0
ERS715473,K39PH122C2,0
ERS659577,K39PH122C2,0
ERS659578,K39PH122C2,0
ERS659579,K39PH122C2,0
ERS659580,K39PH122C2,0
ERS659581,K39PH122C2,0
ERS739095,K40PH129C1,0
sampleK3,K40PH129C1,0
sampleK4,K40PH129C1,0
ERS812516,K40PH129C1,0
ERS739094,K40PH129C1,0
ERS706552,K40PH129C1,0
ERS523587,K40PH129C1,0
ERS747603,K40PH129C1,0
ERS706553,K40PH129C1,0
ERS659571,K40PH129C1,0
ERS706554,K40PH129C1,0
ERS706555,K40PH129C1,0
ERS743101,K40PH129C1,0
ERS799795,K40PH129C1,0
ERS799796,K40PH129C1,0
ERS764450,K40PH129C1,0
ERS764451,K40PH129C1,0
ERS686707,K40PH129C1,0
ERS523588,K40PH129C1,0
ERS715468,K40PH129C1,0
ERS747612,K40PH129C1,0
ERS685293,K40PH129C1,0
ERS799797,K40PH129C1,0
ERS702127,K40PH129C1,0
ERS715399,K40PH129C1,0
ERS701896,K40PH129C1,0
ERS736962,K40PH129C1,0
ERS686708,K40PH129C1,0
ERS715409,K40PH129C1,0
ERS686709,K40PH129C1,0
ERS764452,K40PH129C1,0
ERS799798,K40PH129C1,0
ERS715410,K40PH129C1,0
ERS686710,K40PH129C1,0
ERS686711,K40PH129C1,0
ERS685294,K40PH129C1,0
ERS747611,K40PH129C1,0
ERS744787,K40PH129C1,0
ERS702128,K40PH129C1,0
ERS715469,K40PH129C1,0
ERS715470,K40PH129C1,0
ERS715471,K40PH129C1,0
ERS706556,K40PH129C1,0
ERS718583,K40PH129C1,0
ERS715400,K40PH129C1,0
ERS702129,K40PH129C1,0
ERS523589,K40PH129C1,0
ERS715401,K40PH129C1,0
ERS715472,K40PH129C1,0
ERS702130,K40PH129C1,0
ERS685295,K40PH129C1,0
ERS718584,K40PH129C1,0
ERS702131,K40PH129C1,0
ERS686706,K40PH129C1,0
ERS702132,K40PH129C1,0
ERS702133,K40PH129C1,0
ERS715473,K40PH129C1,0
ERS659577,K40PH129C1,0
ERS659578,K40PH129C1,0
ERS659579,K40PH129C1,0
ERS659580,K40PH129C1,0
ERS659581,K40PH129C1,0
ERS739095,K43PH164C1,0
sampleK3,K43PH164C1,0
sampleK4,K43PH164C1,0
ERS812516,K43PH164C1,0
ERS739094,K43PH164C1,0
ERS706552,K43PH164C1,0
ERS523587,K43PH164C1,0
ERS747603,K43PH164C1,0
ERS706553,K43PH164C1,0
ERS659571,K43PH164C1,0
ERS706554,K43PH164C1,0
ERS706555,K43PH164C1,0
ERS743101,K43PH164C1,0
ERS799795,K43PH164C1,0
ERS799796,K43PH164C1,0
ERS764450,K43PH164C1,0
ERS764451,K43PH164C1,0
ERS686707,K43PH164C1,0
ERS523588,K43PH164C1,0
ERS715468,K43PH164C1,0
ERS747612,K43PH164C1,0
ERS685293,K43PH164C1,0
ERS799797,K43PH164C1,0
ERS702127,K43PH164C1,0
ERS715399,K43PH164C1,0
ERS701896,K43PH164C1,0
ERS736962,K43PH164C1,0
ERS686708,K43PH164C1,0
ERS715409,K43PH164C1,0
ERS686709,K43PH164C1,0
ERS764452,K43PH164C1,1
ERS799798,K43PH164C1,0
ERS715410,K43PH164C1,0
ERS686710,K43PH164C1,0
ERS686711,K43PH164C1,0
ERS685294,K43PH164C1,0
ERS747611,K43PH164C1,1
ERS744787,K43PH164C1,0
ERS702128,K43PH164C1,0
ERS715469,K43PH164C1,0
ERS715470,K43PH164C1,0
ERS715471,K43PH164C1,0
ERS706556,K43PH164C1,0
ERS718583,K43PH164C1,0
ERS715400,K43PH164C1,0
ERS702129,K43PH164C1,0
ERS523589,K43PH164C1,0
ERS715401,K43PH164C1,0
ERS715472,K43PH164C1,0
ERS702130,K43PH164C1,0
ERS685295,K43PH164C1,0
ERS718584,K43PH164C1,0
ERS702131,K43PH164C1,0
ERS686706,K43PH164C1,0
ERS702132,K43PH164C1,0
ERS702133,K43PH164C1,0
ERS715473,K43PH164C1,0
ERS659577,K43PH164C1,0
ERS659578,K43PH164C1,0
ERS659579,K43PH164C1,0
ERS659580,K43PH164C1,0
ERS659581,K43PH164C1,0
ERS739095,K45PH128C2,0
sampleK3,K45PH128C2,0
sampleK4,K45PH128C2,0
ERS812516,K45PH128C2,0
ERS739094,K45PH128C2,0
ERS706552,K45PH128C2,0
ERS523587,K45PH128C2,0
ERS747603,K45PH128C2,0
ERS706553,K45PH128C2,0
ERS659571,K45PH128C2,0
ERS706554,K45PH128C2,0
ERS706555,K45PH128C2,0
ERS743101,K45PH128C2,0
ERS799795,K45PH128C2,0
ERS799796,K45PH128C2,0
ERS764450,K45PH128C2,0
ERS764451,K45PH128C2,0
ERS686707,K45PH128C2,0
ERS523588,K45PH128C2,0
ERS715468,K45PH128C2,0
ERS747612,K45PH128C2,0
ERS685293,K45PH128C2,0
ERS799797,K45PH128C2,0
ERS702127,K45PH128C2,0
ERS715399,K45PH128C2,0
ERS701896,K45PH128C2,0
ERS736962,K45PH128C2,0
ERS686708,K45PH128C2,0
ERS715409,K45PH128C2,0
ERS686709,K45PH128C2,0
ERS764452,K45PH128C2,0
ERS799798,K45PH128C2,1
ERS715410,K45PH128C2,0
ERS686710,K45PH128C2,0
ERS686711,K45PH128C2,0
ERS685294,K45PH128C2,0
ERS747611,K45PH128C2,0
ERS744787,K45PH128C2,0
ERS702128,K45PH128C2,0
ERS715469,K45PH128C2,0
ERS715470,K45PH128C2,0
ERS715471,K45PH128C2,0
ERS706556,K45PH128C2,0
ERS718583,K45PH128C2,0
ERS715400,K45PH128C2,0
ERS702129,K45PH128C2,0
ERS523589,K45PH128C2,0
ERS715401,K45PH128C2,0
ERS715472,K45PH128C2,0
ERS702130,K45PH128C2,0
ERS685295,K45PH128C2,0
ERS718584,K45PH128C2,0
ERS702131,K45PH128C2,0
ERS686706,K45PH128C2,0
ERS702132,K45PH128C2,0
ERS702133,K45PH128C2,0
ERS715473,K45PH128C2,0
ERS659577,K45PH128C2,0
ERS659578,K45PH128C2,0
ERS659579,K45PH128C2,0
ERS659580,K45PH128C2,0
ERS659581,K45PH128C2,0
ERS739095,K46PH129,0
sampleK3,K46PH129,0
sampleK4,K46PH129,0
ERS812516,K46PH129,0
ERS739094,K46PH129,0
ERS706552,K46PH129,0
ERS523587,K46PH129,0
ERS747603,K46PH129,0
ERS706553,K46PH129,0
ERS659571,K46PH129,0
ERS706554,K46PH129,0
ERS706555,K46PH129,0
ERS743101,K46PH129,0
ERS799795,K46PH129,0
ERS799796,K46PH129,0
ERS764450,K46PH129,0
ERS764451,K46PH129,0
ERS686707,K46PH129,0
ERS523588,K46PH129,0
ERS715468,K46PH129,0
ERS747612,K46PH129,0
ERS685293,K46PH129,0
ERS799797,K46PH129,0
ERS702127,K46PH129,0
ERS715399,K46PH129,0
ERS701896,K46PH129,0
ERS736962,K46PH129,0
ERS686708,K46PH129,0
ERS715409,K46PH129,0
ERS686709,K46PH129,0
ERS764452,K46PH129,0
ERS799798,K46PH129,0
ERS715410,K46PH129,0
ERS686710,K46PH129,0
ERS686711,K46PH129,0
ERS685294,K46PH129,0
ERS747611,K46PH129,0
ERS744787,K46PH129,0
ERS702128,K46PH129,1
ERS715469,K46PH129,0
ERS715470,K46PH129,0
ERS715471,K46PH129,0
ERS706556,K46PH129,0
ERS718583,K46PH129,0
ERS715400,K46PH129,0
ERS702129,K46PH129,0
ERS523589,K46PH129,0
ERS715401,K46PH129,0
ERS715472,K46PH129,0
ERS702130,K46PH129,0
ERS685295,K46PH129,0
ERS718584,K46PH129,0
ERS702131,K46PH129,0
ERS686706,K46PH129,0
ERS702132,K46PH129,0
ERS702133,K46PH129,0
ERS715473,K46PH129,0
ERS659577,K46PH129,0
ERS659578,K46PH129,0
ERS659579,K46PH129,0
ERS659580,K46PH129,0
ERS659581,K46PH129,0
ERS739095,K48PH164C1,0
sampleK3,K48PH164C1,0
sampleK4,K48PH164C1,0
ERS812516,K48PH164C1,0
ERS739094,K48PH164C1,0
ERS706552,K48PH164C1,0
ERS523587,K48PH164C1,0
ERS747603,K48PH164C1,0
ERS706553,K48PH164C1,0
ERS659571,K48PH164C1,0
ERS706554,K48PH164C1,0
ERS706555,K48PH164C1,0
ERS743101,K48PH164C1,0
ERS799795,K48PH164C1,0
ERS799796,K48PH164C1,0
ERS764450,K48PH164C1,0
ERS764451,K48PH164C1,0
ERS686707,K48PH164C1,0
ERS523588,K48PH164C1,0
ERS715468,K48PH164C1,0
ERS747612,K48PH164C1,0
ERS685293,K48PH164C1,0
ERS799797,K48PH164C1,0
ERS702127,K48PH164C1,0
ERS715399,K48PH164C1,0
ERS701896,K48PH164C1,0
ERS736962,K48PH164C1,0
ERS686708,K48PH164C1,0
ERS715409,K48PH164C1,0
ERS686709,K48PH164C1,0
ERS764452,K48PH164C1,0
ERS799798,K48PH164C1,0
ERS715410,K48PH164C1,0
ERS686710,K48PH164C1,0
ERS686711,K48PH164C1,0
ERS685294,K48PH164C1,0
ERS747611,K48PH164C1,0
ERS744787,K48PH164C1,0
ERS702128,K48PH164C1,0
ERS715469,K48PH164C1,0
ERS715470,K48PH164C1,0
ERS715471,K48PH164C1,0
ERS706556,K48PH164C1,0
ERS718583,K48PH164C1,0
ERS715400,K48PH164C1,0
ERS702129,K48PH164C1,0
ERS523589,K48PH164C1,0
ERS715401,K48PH164C1,0
ERS715472,K48PH164C1,0
ERS702130,K48PH164C1,0
ERS685295,K48PH164C1,0
ERS718584,K48PH164C1,0
ERS702131,K48PH164C1,0
ERS686706,K48PH164C1,0
ERS702132,K48PH164C1,0
ERS702133,K48PH164C1,0
ERS715473,K48PH164C1,0
ERS659577,K48PH164C1,0
ERS659578,K48PH164C1,0
ERS659579,K48PH164C1,0
ERS659580,K48PH164C1,0
ERS659581,K48PH164C1,0
ERS739095,K49PH164C2,0
sampleK3,K49PH164C2,0
sampleK4,K49PH164C2,0
ERS812516,K49PH164C2,0
ERS739094,K49PH164C2,0
ERS706552,K49PH164C2,0
ERS523587,K49PH164C2,0
ERS747603,K49PH164C2,0
ERS706553,K49PH164C2,0
ERS659571,K49PH164C2,1
ERS706554,K49PH164C2,0
ERS706555,K49PH164C2,0
ERS743101,K49PH164C2,0
ERS799795,K49PH164C2,0
ERS799796,K49PH164C2,0
ERS764450,K49PH164C2,0
ERS764451,K49PH164C2,0
ERS686707,K49PH164C2,0
ERS523588,K49PH164C2,0
ERS715468,K49PH164C2,0
ERS747612,K49PH164C2,0
ERS685293,K49PH164C2,0
ERS799797,K49PH164C2,0
ERS702127,K49PH164C2,0
ERS715399,K49PH164C2,0
ERS701896,K49PH164C2,0
ERS736962,K49PH164C2,0
ERS686708,K49PH164C2,0
ERS715409,K49PH164C2,0
ERS686709,K49PH164C2,0
ERS764452,K49PH164C2,0
ERS799798,K49PH164C2,0
ERS715410,K49PH164C2,0
ERS686710,K49PH164C2,0
ERS686711,K49PH164C2,0
ERS685294,K49PH164C2,0
ERS747611,K49PH164C2,0
ERS744787,K49PH164C2,0
ERS702128,K49PH164C2,0
ERS715469,K49PH164C2,0
ERS715470,K49PH164C2,1
ERS715471,K49PH164C2,0
ERS706556,K49PH164C2,0
ERS718583,K49PH164C2,0
ERS715400,K49PH164C2,0
ERS702129,K49PH164C2,1
ERS523589,K49PH164C2,0
ERS715401,K49PH164C2,0
ERS715472,K49PH164C2,0
ERS702130,K49PH164C2,1
ERS685295,K49PH164C2,0
ERS718584,K49PH164C2,0
ERS702131,K49PH164C2,0
ERS686706,K49PH164C2,0
ERS702132,K49PH164C2,0
ERS702133,K49PH164C2,0
ERS715473,K49PH164C2,0
ERS659577,K49PH164C2,0
ERS659578,K49PH164C2,0
ERS659579,K49PH164C2,0
ERS659580,K49PH164C2,0
ERS659581,K49PH164C2,0
ERS739095,K50PH164C1,0
sampleK3,K50PH164C1,0
sampleK4,K50PH164C1,0
ERS812516,K50PH164C1,0
ERS739094,K50PH164C1,0
ERS706552,K50PH164C1,0
ERS523587,K50PH164C1,0
ERS747603,K50PH164C1,0
ERS706553,K50PH164C1,0
ERS659571,K50PH164C1,0
ERS706554,K50PH164C1,0
ERS706555,K50PH164C1,0
ERS743101,K50PH164C1,0
ERS799795,K50PH164C1,0
ERS799796,K50PH164C1,0
ERS764450,K50PH164C1,0
ERS764451,K50PH164C1,0
ERS686707,K50PH164C1,0
ERS523588,K50PH164C1,0
ERS715468,K50PH164C1,0
ERS747612,K50PH164C1,0
ERS685293,K50PH164C1,0
ERS799797,K50PH164C1,0
ERS702127,K50PH164C1,0
ERS715399,K50PH164C1,0
ERS701896,K50PH164C1,0
ERS736962,K50PH164C1,0
ERS686708,K50PH164C1,0
ERS715409,K50PH164C1,0
ERS686709,K50PH164C1,0
ERS764452,K50PH164C1,0
ERS799798,K50PH164C1,0
ERS715410,K50PH164C1,0
ERS686710,K50PH164C1,0
ERS686711,K50PH164C1,0
ERS685294,K50PH164C1,0
ERS747611,K50PH164C1,1
ERS744787,K50PH164C1,0
ERS702128,K50PH164C1,0
ERS715469,K50PH164C1,0
ERS715470,K50PH164C1,0
ERS715471,K50PH164C1,1
ERS706556,K50PH164C1,0
ERS718583,K50PH164C1,0
ERS715400,K50PH164C1,0
ERS702129,K50PH164C1,0
ERS523589,K50PH164C1,0
ERS715401,K50PH164C1,0
ERS715472,K50PH164C1,0
ERS702130,K50PH164C1,0
ERS685295,K50PH164C1,0
ERS718584,K50PH164C1,0
ERS702131,K50PH164C1,0
ERS686706,K50PH164C1,1
ERS702132,K50PH164C1,0
ERS702133,K50PH164C1,0
ERS715473,K50PH164C1,0
ERS659577,K50PH164C1,0
ERS659578,K50PH164C1,0
ERS659579,K50PH164C1,0
ERS659580,K50PH164C1,0
ERS659581,K50PH164C1,0
ERS739095,K51PH129C1,0
sampleK3,K51PH129C1,0
sampleK4,K51PH129C1,0
ERS812516,K51PH129C1,0
ERS739094,K51PH129C1,0
ERS706552,K51PH129C1,0
ERS523587,K51PH129C1,0
ERS747603,K51PH129C1,0
ERS706553,K51PH129C1,0
ERS659571,K51PH129C1,0
ERS706554,K51PH129C1,0
ERS706555,K51PH129C1,0
ERS743101,K51PH129C1,0
ERS799795,K51PH129C1,0
ERS799796,K51PH129C1,0
ERS764450,K51PH129C1,0
ERS764451,K51PH129C1,0
ERS686707,K51PH129C1,0
ERS523588,K51PH129C1,0
ERS715468,K51PH129C1,0
ERS747612,K51PH129C1,0
ERS685293,K51PH129C1,0
ERS799797,K51PH129C1,0
ERS702127,K51PH129C1,0
ERS715399,K51PH129C1,0
ERS701896,K51PH129C1,0
ERS736962,K51PH129C1,0
ERS686708,K51PH129C1,0
ERS715409,K51PH129C1,0
ERS686709,K51PH129C1,0
ERS764452,K51PH129C1,0
ERS799798,K51PH129C1,0
ERS715410,K51PH129C1,0
ERS686710,K51PH129C1,0
ERS686711,K51PH129C1,0
ERS685294,K51PH129C1,0
ERS747611,K51PH129C1,0
ERS744787,K51PH129C1,0
ERS702128,K51PH129C1,0
ERS715469,K51PH129C1,0
ERS715470,K51PH129C1,0
ERS715471,K51PH129C1,0
ERS706556,K51PH129C1,1
ERS718583,K51PH129C1,0
ERS715400,K51PH129C1,0
ERS702129,K51PH129C1,0
ERS523589,K51PH129C1,0
ERS715401,K51PH129C1,0
ERS715472,K51PH129C1,0
ERS702130,K51PH129C1,0
ERS685295,K51PH129C1,0
ERS718584,K51PH129C1,0
ERS702131,K51PH129C1,0
ERS686706,K51PH129C1,0
ERS702132,K51PH129C1,0
ERS702133,K51PH129C1,0
ERS715473,K51PH129C1,0
ERS659577,K51PH129C1,0
ERS659578,K51PH129C1,0
ERS659579,K51PH129C1,0
ERS659580,K51PH129C1,0
ERS659581,K51PH129C1,0
ERS739095,K52PH129C1,0
sampleK3,K52PH129C1,0
sampleK4,K52PH129C1,0
ERS812516,K52PH129C1,0
ERS739094,K52PH129C1,0
ERS706552,K52PH129C1,0
ERS523587,K52PH129C1,0
ERS747603,K52PH129C1,0
ERS706553,K52PH129C1,0
ERS659571,K52PH129C1,0
ERS706554,K52PH129C1,0
ERS706555,K52PH129C1,0
ERS743101,K52PH129C1,0
ERS799795,K52PH129C1,0
ERS799796,K52PH129C1,0
ERS764450,K52PH129C1,0
ERS764451,K52PH129C1,0
ERS686707,K52PH129C1,1
ERS523588,K52PH129C1,0
ERS715468,K52PH129C1,0
ERS747612,K52PH129C1,0
ERS685293,K52PH129C1,0
ERS799797,K52PH129C1,0
ERS702127,K52PH129C1,0
ERS715399,K52PH129C1,0
ERS701896,K52PH129C1,0
ERS736962,K52PH129C1,0
ERS686708,K52PH129C1,1
ERS715409,K52PH129C1,1
ERS686709,K52PH129C1,0
ERS764452,K52PH129C1,0
ERS799798,K52PH129C1,0
ERS715410,K52PH129C1,0
ERS686710,K52PH129C1,1
ERS686711,K52PH129C1,0
ERS685294,K52PH129C1,0
ERS747611,K52PH129C1,0
ERS744787,K52PH129C1,0
ERS702128,K52PH129C1,0
ERS715469,K52PH129C1,0
ERS715470,K52PH129C1,0
ERS715471,K52PH129C1,0
ERS706556,K52PH129C1,0
ERS718583,K52PH129C1,0
ERS715400,K52PH129C1,0
ERS702129,K52PH129C1,0
ERS523589,K52PH129C1,0
ERS715401,K52PH129C1,0
ERS715472,K52PH129C1,0
ERS702130,K52PH129C1,0
ERS685295,K52PH129C1,0
ERS718584,K52PH129C1,1
ERS702131,K52PH129C1,0
ERS686706,K52PH129C1,0
ERS702132,K52PH129C1,0
ERS702133,K52PH129C1,0
ERS715473,K52PH129C1,0
ERS659577,K52PH129C1,0
ERS659578,K52PH129C1,0
ERS659579,K52PH129C1,0
ERS659580,K52PH129C1,0
ERS659581,K52PH129C1,0
ERS739095,K53PH164C2,0
sampleK3,K53PH164C2,0
sampleK4,K53PH164C2,0
ERS812516,K53PH164C2,0
ERS739094,K53PH164C2,0
ERS706552,K53PH164C2,0
ERS523587,K53PH164C2,0
ERS747603,K53PH164C2,0
ERS706553,K53PH164C2,0
ERS659571,K53PH164C2,0
ERS706554,K53PH164C2,0
ERS706555,K53PH164C2,0
ERS743101,K53PH164C2,0
ERS799795,K53PH164C2,0
ERS799796,K53PH164C2,0
ERS764450,K53PH164C2,0
ERS764451,K53PH164C2,0
ERS686707,K53PH164C2,0
ERS523588,K53PH164C2,0
ERS715468,K53PH164C2,0
ERS747612,K53PH164C2,0
ERS685293,K53PH164C2,0
ERS799797,K53PH164C2,0
ERS702127,K53PH164C2,0
ERS715399,K53PH164C2,0
ERS701896,K53PH164C2,0
ERS736962,K53PH164C2,0
ERS686708,K53PH164C2,0
ERS715409,K53PH164C2,0
ERS686709,K53PH164C2,0
ERS764452,K53PH164C2,0
ERS799798,K53PH164C2,0
ERS715410,K53PH164C2,0
ERS686710,K53PH164C2,0
ERS686711,K53PH164C2,0
ERS685294,K53PH164C2,0
ERS747611,K53PH164C2,0
ERS744787,K53PH164C2,0
ERS702128,K53PH164C2,0
ERS715469,K53PH164C2,0
ERS715470,K53PH164C2,0
ERS715471,K53PH164C2,0
ERS706556,K53PH164C2,0
ERS718583,K53PH164C2,0
ERS715400,K53PH164C2,0
ERS702129,K53PH164C2,0
ERS523589,K53PH164C2,0
ERS715401,K53PH164C2,0
ERS715472,K53PH164C2,0
ERS702130,K53PH164C2,0
ERS685295,K53PH164C2,0
ERS718584,K53PH164C2,0
ERS702131,K53PH164C2,0
ERS686706,K53PH164C2,0
ERS702132,K53PH164C2,0
ERS702133,K53PH164C2,0
ERS715473,K53PH164C2,0
ERS659577,K53PH164C2,0
ERS659578,K53PH164C2,0
ERS659579,K53PH164C2,0
ERS659580,K53PH164C2,0
ERS659581,K53PH164C2,0
ERS739095,K54lambda1,0
sampleK3,K54lambda1,0
sampleK4,K54lambda1,0
ERS812516,K54lambda1,0
ERS739094,K54lambda1,0
ERS706552,K54lambda1,0
ERS523587,K54lambda1,0
ERS747603,K54lambda1,0
ERS706553,K54lambda1,0
ERS659571,K54lambda1,0
ERS706554,K54lambda1,0
ERS706555,K54lambda1,0
ERS743101,K54lambda1,0
ERS799795,K54lambda1,0
ERS799796,K54lambda1,0
ERS764450,K54lambda1,0
ERS764451,K54lambda1,0
ERS686707,K54lambda1,0
ERS523588,K54lambda1,0
ERS715468,K54lambda1,0
ERS747612,K54lambda1,1
ERS685293,K54lambda1,0
ERS799797,K54lambda1,0
ERS702127,K54lambda1,0
ERS715399,K54lambda1,0
ERS701896,K54lambda1,0
ERS736962,K54lambda1,0
ERS686708,K54lambda1,0
ERS715409,K54lambda1,0
ERS686709,K54lambda1,0
ERS764452,K54lambda1,0
ERS799798,K54lambda1,0
ERS715410,K54lambda1,0
ERS686710,K54lambda1,0
ERS686711,K54lambda1,0
ERS685294,K54lambda1,0
ERS747611,K54lambda1,0
ERS744787,K54lambda1,0
ERS702128,K54lambda1,0
ERS715469,K54lambda1,0
ERS715470,K54lambda1,0
ERS715471,K54lambda1,0
ERS706556,K54lambda1,0
ERS718583,K54lambda1,1
ERS715400,K54lambda1,0
ERS702129,K54lambda1,0
ERS523589,K54lambda1,0
ERS715401,K54lambda1,1
ERS715472,K54lambda1,0
ERS702130,K54lambda1,0
ERS685295,K54lambda1,0
ERS718584,K54lambda1,0
ERS702131,K54lambda1,0
ERS686706,K54lambda1,0
ERS702132,K54lambda1,0
ERS702133,K54lambda1,0
ERS715473,K54lambda1,0
ERS659577,K54lambda1,0
ERS659578,K54lambda1,0
ERS659579,K54lambda1,0
ERS659580,K54lambda1,0
ERS659581,K54lambda1,0
ERS739095,K54lambda2,0
sampleK3,K54lambda2,0
sampleK4,K54lambda2,0
ERS812516,K54lambda2,0
ERS739094,K54lambda2,0
ERS706552,K54lambda2,0
ERS523587,K54lambda2,0
ERS747603,K54lambda2,0
ERS706553,K54lambda2,0
ERS659571,K54lambda2,0
ERS706554,K54lambda2,0
ERS706555,K54lambda2,0
ERS743101,K54lambda2,0
ERS799795,K54lambda2,0
ERS799796,K54lambda2,0
ERS764450,K54lambda2,0
ERS764451,K54lambda2,0
ERS686707,K54lambda2,0
ERS523588,K54lambda2,0
ERS715468,K54lambda2,0
ERS747612,K54lambda2,0
ERS685293,K54lambda2,0
ERS799797,K54lambda2,0
ERS702127,K54lambda2,0
ERS715399,K54lambda2,0
ERS701896,K54lambda2,0
ERS736962,K54lambda2,0
ERS686708,K54lambda2,0
ERS715409,K54lambda2,0
ERS686709,K54lambda2,0
ERS764452,K54lambda2,0
ERS799798,K54lambda2,0
ERS715410,K54lambda2,0
ERS686710,K54lambda2,0
ERS686711,K54lambda2,0
ERS685294,K54lambda2,0
ERS747611,K54lambda2,0
ERS744787,K54lambda2,0
ERS702128,K54lambda2,0
ERS715469,K54lambda2,0
ERS715470,K54lambda2,0
ERS715471,K54lambda2,0
ERS706556,K54lambda2,0
ERS718583,K54lambda2,1
ERS715400,K54lambda2,0
ERS702129,K54lambda2,0
ERS523589,K54lambda2,0
ERS715401,K54lambda2,0
ERS715472,K54lambda2,0
ERS702130,K54lambda2,0
ERS685295,K54lambda2,0
ERS718584,K54lambda2,0
ERS702131,K54lambda2,0
ERS686706,K54lambda2,0
ERS702132,K54lambda2,0
ERS702133,K54lambda2,0
ERS715473,K54lambda2,0
ERS659577,K54lambda2,0
ERS659578,K54lambda2,0
ERS659579,K54lambda2,0
ERS659580,K54lambda2,0
ERS659581,K54lambda2,0
ERS739095,K56PH164C1,0
sampleK3,K56PH164C1,0
sampleK4,K56PH164C1,0
ERS812516,K56PH164C1,0
ERS739094,K56PH164C1,0
ERS706552,K56PH164C1,0
ERS523587,K56PH164C1,0
ERS747603,K56PH164C1,0
ERS706553,K56PH164C1,0
ERS659571,K56PH164C1,0
ERS706554,K56PH164C1,0
ERS706555,K56PH164C1,0
ERS743101,K56PH164C1,0
ERS799795,K56PH164C1,0
ERS799796,K56PH164C1,0
ERS764450,K56PH164C1,0
ERS764451,K56PH164C1,0
ERS686707,K56PH164C1,0
ERS523588,K56PH164C1,0
ERS715468,K56PH164C1,0
ERS747612,K56PH164C1,0
ERS685293,K56PH164C1,0
ERS799797,K56PH164C1,0
ERS702127,K56PH164C1,0
ERS715399,K56PH164C1,0
ERS701896,K56PH164C1,0
ERS736962,K56PH164C1,0
ERS686708,K56PH164C1,0
ERS715409,K56PH164C1,0
ERS686709,K56PH164C1,0
ERS764452,K56PH164C1,0
ERS799798,K56PH164C1,0
ERS715410,K56PH164C1,0
ERS686710,K56PH164C1,0
ERS686711,K56PH164C1,0
ERS685294,K56PH164C1,0
ERS747611,K56PH164C1,0
ERS744787,K56PH164C1,0
ERS702128,K56PH164C1,0
ERS715469,K56PH164C1,0
ERS715470,K56PH164C1,0
ERS715471,K56PH164C1,0
ERS706556,K56PH164C1,0
ERS718583,K56PH164C1,0
ERS715400,K56PH164C1,0
ERS702129,K56PH164C1,1
ERS523589,K56PH164C1,0
ERS715401,K56PH164C1,0
ERS715472,K56PH164C1,0
ERS702130,K56PH164C1,0
ERS685295,K56PH164C1,0
ERS718584,K56PH164C1,0
ERS702131,K56PH164C1,0
ERS686706,K56PH164C1,0
ERS702132,K56PH164C1,0
ERS702133,K56PH164C1,0
ERS715473,K56PH164C1,0
ERS659577,K56PH164C1,0
ERS659578,K56PH164C1,0
ERS659579,K56PH164C1,0
ERS659580,K56PH164C1,0
ERS659581,K56PH164C1,0
ERS739095,K57lambda1,0
sampleK3,K57lambda1,0
sampleK4,K57lambda1,0
ERS812516,K57lambda1,0
ERS739094,K57lambda1,0
ERS706552,K57lambda1,0
ERS523587,K57lambda1,0
ERS747603,K57lambda1,0
ERS706553,K57lambda1,0
ERS659571,K57lambda1,0
ERS706554,K57lambda1,0
ERS706555,K57lambda1,0
ERS743101,K57lambda1,0
ERS799795,K57lambda1,0
ERS799796,K57lambda1,0
ERS764450,K57lambda1,0
ERS764451,K57lambda1,0
ERS686707,K57lambda1,0
ERS523588,K57lambda1,0
ERS715468,K57lambda1,0
ERS747612,K57lambda1,0
ERS685293,K57lambda1,0
ERS799797,K57lambda1,0
ERS702127,K57lambda1,0
ERS715399,K57lambda1,0
ERS701896,K57lambda1,0
ERS736962,K57lambda1,0
ERS686708,K57lambda1,0
ERS715409,K57lambda1,0
ERS686709,K57lambda1,0
ERS764452,K57lambda1,0
ERS799798,K57lambda1,0
ERS715410,K57lambda1,0
ERS686710,K57lambda1,0
ERS686711,K57lambda1,0
ERS685294,K57lambda1,0
ERS747611,K57lambda1,0
ERS744787,K57lambda1,0
ERS702128,K57lambda1,0
ERS715469,K57lambda1,0
ERS715470,K57lambda1,0
ERS715471,K57lambda1,0
ERS706556,K57lambda1,0
ERS718583,K57lambda1,0
ERS715400,K57lambda1,0
ERS702129,K57lambda1,0
ERS523589,K57lambda1,1
ERS715401,K57lambda1,0
ERS715472,K57lambda1,0
ERS702130,K57lambda1,0
ERS685295,K57lambda1,0
ERS718584,K57lambda1,0
ERS702131,K57lambda1,0
ERS686706,K57lambda1,0
ERS702132,K57lambda1,0
ERS702133,K57lambda1,0
ERS715473,K57lambda1,1
ERS659577,K57lambda1,0
ERS659578,K57lambda1,0
ERS659579,K57lambda1,0
ERS659580,K57lambda1,0
ERS659581,K57lambda1,0
ERS739095,K58PH129C2,0
sampleK3,K58PH129C2,0
sampleK4,K58PH129C2,0
ERS812516,K58PH129C2,0
ERS739094,K58PH129C2,0
ERS706552,K58PH129C2,0
ERS523587,K58PH129C2,0
ERS747603,K58PH129C2,0
ERS706553,K58PH129C2,0
ERS659571,K58PH129C2,0
ERS706554,K58PH129C2,0
ERS706555,K58PH129C2,0
ERS743101,K58PH129C2,0
ERS799795,K58PH129C2,0
ERS799796,K58PH129C2,0
ERS764450,K58PH129C2,0
ERS764451,K58PH129C2,0
ERS686707,K58PH129C2,0
ERS523588,K58PH129C2,0
ERS715468,K58PH129C2,0
ERS747612,K58PH129C2,0
ERS685293,K58PH129C2,0
ERS799797,K58PH129C2,0
ERS702127,K58PH129C2,0
ERS715399,K58PH129C2,0
ERS701896,K58PH129C2,0
ERS736962,K58PH129C2,0
ERS686708,K58PH129C2,0
ERS715409,K58PH129C2,0
ERS686709,K58PH129C2,0
ERS764452,K58PH129C2,0
ERS799798,K58PH129C2,0
ERS715410,K58PH129C2,0
ERS686710,K58PH129C2,0
ERS686711,K58PH129C2,0
ERS685294,K58PH129C2,0
ERS747611,K58PH129C2,0
ERS744787,K58PH129C2,0
ERS702128,K58PH129C2,0
ERS715469,K58PH129C2,0
ERS715470,K58PH129C2,0
ERS715471,K58PH129C2,0
ERS706556,K58PH129C2,0
ERS718583,K58PH129C2,0
ERS715400,K58PH129C2,0
ERS702129,K58PH129C2,0
ERS523589,K58PH129C2,0
ERS715401,K58PH129C2,1
ERS715472,K58PH129C2,0
ERS702130,K58PH129C2,0
ERS685295,K58PH129C2,0
ERS718584,K58PH129C2,0
ERS702131,K58PH129C2,0
ERS686706,K58PH129C2,0
ERS702132,K58PH129C2,0
ERS702133,K58PH129C2,0
ERS715473,K58PH129C2,0
ERS659577,K58PH129C2,0
ERS659578,K58PH129C2,0
ERS659579,K58PH129C2,0
ERS659580,K58PH129C2,0
ERS659581,K58PH129C2,0
ERS739095,K60PH164C1,0
sampleK3,K60PH164C1,0
sampleK4,K60PH164C1,0
ERS812516,K60PH164C1,0
ERS739094,K60PH164C1,0
ERS706552,K60PH164C1,0
ERS523587,K60PH164C1,0
ERS747603,K60PH164C1,0
ERS706553,K60PH164C1,0
ERS659571,K60PH164C1,0
ERS706554,K60PH164C1,0
ERS706555,K60PH164C1,0
ERS743101,K60PH164C1,0
ERS799795,K60PH164C1,0
ERS799796,K60PH164C1,0
ERS764450,K60PH164C1,0
ERS764451,K60PH164C1,1
ERS686707,K60PH164C1,0
ERS523588,K60PH164C1,0
ERS715468,K60PH164C1,0
ERS747612,K60PH164C1,0
ERS685293,K60PH164C1,0
ERS799797,K60PH164C1,0
ERS702127,K60PH164C1,0
ERS715399,K60PH164C1,0
ERS701896,K60PH164C1,0
ERS736962,K60PH164C1,0
ERS686708,K60PH164C1,0
ERS715409,K60PH164C1,0
ERS686709,K60PH164C1,0
ERS764452,K60PH164C1,0
ERS799798,K60PH164C1,0
ERS715410,K60PH164C1,0
ERS686710,K60PH164C1,0
ERS686711,K60PH164C1,0
ERS685294,K60PH164C1,0
ERS747611,K60PH164C1,0
ERS744787,K60PH164C1,0
ERS702128,K60PH164C1,0
ERS715469,K60PH164C1,0
ERS715470,K60PH164C1,0
ERS715471,K60PH164C1,0
ERS706556,K60PH164C1,0
ERS718583,K60PH164C1,0
ERS715400,K60PH164C1,0
ERS702129,K60PH164C1,0
ERS523589,K60PH164C1,0
ERS715401,K60PH164C1,0
ERS715472,K60PH164C1,0
ERS702130,K60PH164C1,1
ERS685295,K60PH164C1,0
ERS718584,K60PH164C1,0
ERS702131,K60PH164C1,0
ERS686706,K60PH164C1,0
ERS702132,K60PH164C1,0
ERS702133,K60PH164C1,0
ERS715473,K60PH164C1,0
ERS659577,K60PH164C1,0
ERS659578,K60PH164C1,0
ERS659579,K60PH164C1,0
ERS659580,K60PH164C1,0
ERS659581,K60PH164C1,0
ERS739095,K61PH164C1,0
sampleK3,K61PH164C1,0
sampleK4,K61PH164C1,0
ERS812516,K61PH164C1,0
ERS739094,K61PH164C1,0
ERS706552,K61PH164C1,0
ERS523587,K61PH164C1,0
ERS747603,K61PH164C1,0
ERS706553,K61PH164C1,0
ERS659571,K61PH164C1,0
ERS706554,K61PH164C1,0
ERS706555,K61PH164C1,0
ERS743101,K61PH164C1,0
ERS799795,K61PH164C1,0
ERS799796,K61PH164C1,0
ERS764450,K61PH164C1,0
ERS764451,K61PH164C1,0
ERS686707,K61PH164C1,0
ERS523588,K61PH164C1,0
ERS715468,K61PH164C1,0
ERS747612,K61PH164C1,0
ERS685293,K61PH164C1,0
ERS799797,K61PH164C1,0
ERS702127,K61PH164C1,0
ERS715399,K61PH164C1,0
ERS701896,K61PH164C1,0
ERS736962,K61PH164C1,0
ERS686708,K61PH164C1,0
ERS715409,K61PH164C1,0
ERS686709,K61PH164C1,0
ERS764452,K61PH164C1,0
ERS799798,K61PH164C1,0
ERS715410,K61PH164C1,0
ERS686710,K61PH164C1,0
ERS686711,K61PH164C1,0
ERS685294,K61PH164C1,0
ERS747611,K61PH164C1,0
ERS744787,K61PH164C1,0
ERS702128,K61PH164C1,0
ERS715469,K61PH164C1,0
ERS715470,K61PH164C1,0
ERS715471,K61PH164C1,0
ERS706556,K61PH164C1,0
ERS718583,K61PH164C1,0
ERS715400,K61PH164C1,0
ERS702129,K61PH164C1,0
ERS523589,K61PH164C1,0
ERS715401,K61PH164C1,0
ERS715472,K61PH164C1,0
ERS702130,K61PH164C1,0
ERS685295,K61PH164C1,1
ERS718584,K61PH164C1,0
ERS702131,K61PH164C1,0
ERS686706,K61PH164C1,0
ERS702132,K61PH164C1,0
ERS702133,K61PH164C1,0
ERS715473,K61PH164C1,0
ERS659577,K61PH164C1,0
ERS659578,K61PH164C1,0
ERS659579,K61PH164C1,0
ERS659580,K61PH164C1,0
ERS659581,K61PH164C1,0
ERS739095,K62PH164C2,0
sampleK3,K62PH164C2,0
sampleK4,K62PH164C2,0
ERS812516,K62PH164C2,0
ERS739094,K62PH164C2,0
ERS706552,K62PH164C2,0
ERS523587,K62PH164C2,0
ERS747603,K62PH164C2,0
ERS706553,K62PH164C2,0
ERS659571,K62PH164C2,0
ERS706554,K62PH164C2,0
ERS706555,K62PH164C2,0
ERS743101,K62PH164C2,0
ERS799795,K62PH164C2,0
ERS799796,K62PH164C2,0
ERS764450,K62PH164C2,0
ERS764451,K62PH164C2,0
ERS686707,K62PH164C2,0
ERS523588,K62PH164C2,0
ERS715468,K62PH164C2,0
ERS747612,K62PH164C2,0
ERS685293,K62PH164C2,0
ERS799797,K62PH164C2,0
ERS702127,K62PH164C2,1
ERS715399,K62PH164C2,0
ERS701896,K62PH164C2,0
ERS736962,K62PH164C2,0
ERS686708,K62PH164C2,0
ERS715409,K62PH164C2,0
ERS686709,K62PH164C2,0
ERS764452,K62PH164C2,0
ERS799798,K62PH164C2,0
ERS715410,K62PH164C2,0
ERS686710,K62PH164C2,0
ERS686711,K62PH164C2,0
ERS685294,K62PH164C2,0
ERS747611,K62PH164C2,0
ERS744787,K62PH164C2,0
ERS702128,K62PH164C2,0
ERS715469,K62PH164C2,0
ERS715470,K62PH164C2,0
ERS715471,K62PH164C2,0
ERS706556,K62PH164C2,0
ERS718583,K62PH164C2,0
ERS715400,K62PH164C2,0
ERS702129,K62PH164C2,0
ERS523589,K62PH164C2,0
ERS715401,K62PH164C2,0
ERS715472,K62PH164C2,0
ERS702130,K62PH164C2,0
ERS685295,K62PH164C2,0
ERS718584,K62PH164C2,1
ERS702131,K62PH164C2,0
ERS686706,K62PH164C2,1
ERS702132,K62PH164C2,1
ERS702133,K62PH164C2,0
ERS715473,K62PH164C2,1
ERS659577,K62PH164C2,0
ERS659578,K62PH164C2,1
ERS659579,K62PH164C2,0
ERS659580,K62PH164C2,0
ERS659581,K62PH164C2,0
ERS739095,K63PH128,0
sampleK3,K63PH128,0
sampleK4,K63PH128,0
ERS812516,K63PH128,0
ERS739094,K63PH128,0
ERS706552,K63PH128,0
ERS523587,K63PH128,0
ERS747603,K63PH128,0
ERS706553,K63PH128,0
ERS659571,K63PH128,0
ERS706554,K63PH128,0
ERS706555,K63PH128,0
ERS743101,K63PH128,0
ERS799795,K63PH128,0
ERS799796,K63PH128,0
ERS764450,K63PH128,0
ERS764451,K63PH128,0
ERS686707,K63PH128,0
ERS523588,K63PH128,0
ERS715468,K63PH128,0
ERS747612,K63PH128,0
ERS685293,K63PH128,0
ERS799797,K63PH128,0
ERS702127,K63PH128,0
ERS715399,K63PH128,0
ERS701896,K63PH128,0
ERS736962,K63PH128,0
ERS686708,K63PH128,0
ERS715409,K63PH128,0
ERS686709,K63PH128,0
ERS764452,K63PH128,0
ERS799798,K63PH128,0
ERS715410,K63PH128,0
ERS686710,K63PH128,0
ERS686711,K63PH128,0
ERS685294,K63PH128,0
ERS747611,K63PH128,0
ERS744787,K63PH128,0
ERS702128,K63PH128,0
ERS715469,K63PH128,0
ERS715470,K63PH128,0
ERS715471,K63PH128,0
ERS706556,K63PH128,0
ERS718583,K63PH128,0
ERS715400,K63PH128,0
ERS702129,K63PH128,0
ERS523589,K63PH128,0
ERS715401,K63PH128,0
ERS715472,K63PH128,0
ERS702130,K63PH128,0
ERS685295,K63PH128,0
ERS718584,K63PH128,0
ERS702131,K63PH128,1
ERS686706,K63PH128,0
ERS702132,K63PH128,0
ERS702133,K63PH128,0
ERS715473,K63PH128,0
ERS659577,K63PH128,0
ERS659578,K63PH128,0
ERS659579,K63PH128,0
ERS659580,K63PH128,0
ERS659581,K63PH128,0
ERS739095,K65PH164,0
sampleK3,K65PH164,0
sampleK4,K65PH164,0
ERS812516,K65PH164,0
ERS739094,K65PH164,0
ERS706552,K65PH164,1
ERS523587,K65PH164,0
ERS747603,K65PH164,0
ERS706553,K65PH164,0
ERS659571,K65PH164,0
ERS706554,K65PH164,1
ERS706555,K65PH164,0
ERS743101,K65PH164,1
ERS799795,K65PH164,1
ERS799796,K65PH164,1
ERS764450,K65PH164,0
ERS764451,K65PH164,1
ERS686707,K65PH164,1
ERS523588,K65PH164,0
ERS715468,K65PH164,0
ERS747612,K65PH164,0
ERS685293,K65PH164,0
ERS799797,K65PH164,1
ERS702127,K65PH164,1
ERS715399,K65PH164,0
ERS701896,K65PH164,1
ERS736962,K65PH164,1
ERS686708,K65PH164,0
ERS715409,K65PH164,0
ERS686709,K65PH164,1
ERS764452,K65PH164,1
ERS799798,K65PH164,0
ERS715410,K65PH164,0
ERS686710,K65PH164,0
ERS686711,K65PH164,1
ERS685294,K65PH164,0
ERS747611,K65PH164,1
ERS744787,K65PH164,0
ERS702128,K65PH164,0
ERS715469,K65PH164,1
ERS715470,K65PH164,1
ERS715471,K65PH164,1
ERS706556,K65PH164,0
ERS718583,K65PH164,0
ERS715400,K65PH164,1
ERS702129,K65PH164,1
ERS523589,K65PH164,1
ERS715401,K65PH164,0
ERS715472,K65PH164,1
ERS702130,K65PH164,1
ERS685295,K65PH164,0
ERS718584,K65PH164,1
ERS702131,K65PH164,0
ERS686706,K65PH164,1
ERS702132,K65PH164,1
ERS702133,K65PH164,0
ERS715473,K65PH164,0
ERS659577,K65PH164,0
ERS659578,K65PH164,1
ERS659579,K65PH164,1
ERS659580,K65PH164,1
ERS659581,K65PH164,0
ERS739095,K66PH128C1,0
sampleK3,K66PH128C1,0
sampleK4,K66PH128C1,0
ERS812516,K66PH128C1,0
ERS739094,K66PH128C1,0
ERS706552,K66PH128C1,0
ERS523587,K66PH128C1,0
ERS747603,K66PH128C1,0
ERS706553,K66PH128C1,0
ERS659571,K66PH128C1,0
ERS706554,K66PH128C1,0
ERS706555,K66PH128C1,0
ERS743101,K66PH128C1,0
ERS799795,K66PH128C1,0
ERS799796,K66PH128C1,0
ERS764450,K66PH128C1,0
ERS764451,K66PH128C1,0
ERS686707,K66PH128C1,0
ERS523588,K66PH128C1,0
ERS715468,K66PH128C1,0
ERS747612,K66PH128C1,0
ERS685293,K66PH128C1,0
ERS799797,K66PH128C1,0
ERS702127,K66PH128C1,0
ERS715399,K66PH128C1,0
ERS701896,K66PH128C1,0
ERS736962,K66PH128C1,0
ERS686708,K66PH128C1,0
ERS715409,K66PH128C1,0
ERS686709,K66PH128C1,0
ERS764452,K66PH128C1,0
ERS799798,K66PH128C1,0
ERS715410,K66PH128C1,0
ERS686710,K66PH128C1,0
ERS686711,K66PH128C1,0
ERS685294,K66PH128C1,0
ERS747611,K66PH128C1,0
ERS744787,K66PH128C1,0
ERS702128,K66PH128C1,0
ERS715469,K66PH128C1,0
ERS715470,K66PH128C1,0
ERS715471,K66PH128C1,0
ERS706556,K66PH128C1,0
ERS718583,K66PH128C1,0
ERS715400,K66PH128C1,0
ERS702129,K66PH128C1,0
ERS523589,K66PH128C1,0
ERS715401,K66PH128C1,0
ERS715472,K66PH128C1,0
ERS702130,K66PH128C1,0
ERS685295,K66PH128C1,0
ERS718584,K66PH128C1,0
ERS702131,K66PH128C1,0
ERS686706,K66PH128C1,0
ERS702132,K66PH128C1,0
ERS702133,K66PH128C1,1
ERS715473,K66PH128C1,0
ERS659577,K66PH128C1,0
ERS659578,K66PH128C1,0
ERS659579,K66PH128C1,0
ERS659580,K66PH128C1,0
ERS659581,K66PH128C1,0
ERS739095,K69PH164C2,0
sampleK3,K69PH164C2,0
sampleK4,K69PH164C2,0
ERS812516,K69PH164C2,0
ERS739094,K69PH164C2,0
ERS706552,K69PH164C2,0
ERS523587,K69PH164C2,0
ERS747603,K69PH164C2,0
ERS706553,K69PH164C2,0
ERS659571,K69PH164C2,0
ERS706554,K69PH164C2,1
ERS706555,K69PH164C2,0
ERS743101,K69PH164C2,0
ERS799795,K69PH164C2,0
ERS799796,K69PH164C2,0
ERS764450,K69PH164C2,0
ERS764451,K69PH164C2,0
ERS686707,K69PH164C2,0
ERS523588,K69PH164C2,0
ERS715468,K69PH164C2,0
ERS747612,K69PH164C2,0
ERS685293,K69PH164C2,0
ERS799797,K69PH164C2,0
ERS702127,K69PH164C2,1
ERS715399,K69PH164C2,0
ERS701896,K69PH164C2,0
ERS736962,K69PH164C2,0
ERS686708,K69PH164C2,1
ERS715409,K69PH164C2,0
ERS686709,K69PH164C2,0
ERS764452,K69PH164C2,0
ERS799798,K69PH164C2,0
ERS715410,K69PH164C2,0
ERS686710,K69PH164C2,1
ERS686711,K69PH164C2,0
ERS685294,K69PH164C2,0
ERS747611,K69PH164C2,0
ERS744787,K69PH164C2,0
ERS702128,K69PH164C2,0
ERS715469,K69PH164C2,0
ERS715470,K69PH164C2,0
ERS715471,K69PH164C2,0
ERS706556,K69PH164C2,0
ERS718583,K69PH164C2,0
ERS715400,K69PH164C2,1
ERS702129,K69PH164C2,0
ERS523589,K69PH164C2,0
ERS715401,K69PH164C2,0
ERS715472,K69PH164C2,0
ERS702130,K69PH164C2,0
ERS685295,K69PH164C2,0
ERS718584,K69PH164C2,0
ERS702131,K69PH164C2,0
ERS686706,K69PH164C2,0
ERS702132,K69PH164C2,0
ERS702133,K69PH164C2,0
ERS715473,K69PH164C2,0
ERS659577,K69PH164C2,0
ERS659578,K69PH164C2,0
ERS659579,K69PH164C2,0
ERS659580,K69PH164C2,0
ERS659581,K69PH164C2,0
ERS739095,K71PH129C1,0
sampleK3,K71PH129C1,0
sampleK4,K71PH129C1,0
ERS812516,K71PH129C1,0
ERS739094,K71PH129C1,0
ERS706552,K71PH129C1,0
ERS523587,K71PH129C1,0
ERS747603,K71PH129C1,0
ERS706553,K71PH129C1,0
ERS659571,K71PH129C1,0
ERS706554,K71PH129C1,0
ERS706555,K71PH129C1,0
ERS743101,K71PH129C1,0
ERS799795,K71PH129C1,0
ERS799796,K71PH129C1,0
ERS764450,K71PH129C1,0
ERS764451,K71PH129C1,0
ERS686707,K71PH129C1,0
ERS523588,K71PH129C1,0
ERS715468,K71PH129C1,0
ERS747612,K71PH129C1,0
ERS685293,K71PH129C1,0
ERS799797,K71PH129C1,0
ERS702127,K71PH129C1,0
ERS715399,K71PH129C1,0
ERS701896,K71PH129C1,0
ERS736962,K71PH129C1,0
ERS686708,K71PH129C1,0
ERS715409,K71PH129C1,0
ERS686709,K71PH129C1,0
ERS764452,K71PH129C1,0
ERS799798,K71PH129C1,0
ERS715410,K71PH129C1,0
ERS686710,K71PH129C1,0
ERS686711,K71PH129C1,0
ERS685294,K71PH129C1,0
ERS747611,K71PH129C1,0
ERS744787,K71PH129C1,0
ERS702128,K71PH129C1,0
ERS715469,K71PH129C1,0
ERS715470,K71PH129C1,0
ERS715471,K71PH129C1,0
ERS706556,K71PH129C1,0
ERS718583,K71PH129C1,0
ERS715400,K71PH129C1,0
ERS702129,K71PH129C1,0
ERS523589,K71PH129C1,0
ERS715401,K71PH129C1,0
ERS715472,K71PH129C1,0
ERS702130,K71PH129C1,1
ERS685295,K71PH129C1,0
ERS718584,K71PH129C1,0
ERS702131,K71PH129C1,0
ERS686706,K71PH129C1,0
ERS702132,K71PH129C1,0
ERS702133,K71PH129C1,0
ERS715473,K71PH129C1,0
ERS659577,K71PH129C1,0
ERS659578,K71PH129C1,0
ERS659579,K71PH129C1,0
ERS659580,K71PH129C1,0
ERS659581,K71PH129C1,0
ERS739095,K72PH164C2,0
sampleK3,K72PH164C2,0
sampleK4,K72PH164C2,0
ERS812516,K72PH164C2,0
ERS739094,K72PH164C2,0
ERS706552,K72PH164C2,0
ERS523587,K72PH164C2,0
ERS747603,K72PH164C2,0
ERS706553,K72PH164C2,0
ERS659571,K72PH164C2,0
ERS706554,K72PH164C2,0
ERS706555,K72PH164C2,0
ERS743101,K72PH164C2,0
ERS799795,K72PH164C2,0
ERS799796,K72PH164C2,0
ERS764450,K72PH164C2,0
ERS764451,K72PH164C2,0
ERS686707,K72PH164C2,0
ERS523588,K72PH164C2,0
ERS715468,K72PH164C2,0
ERS747612,K72PH164C2,0
ERS685293,K72PH164C2,0
ERS799797,K72PH164C2,0
ERS702127,K72PH164C2,0
ERS715399,K72PH164C2,0
ERS701896,K72PH164C2,0
ERS736962,K72PH164C2,0
ERS686708,K72PH164C2,0
ERS715409,K72PH164C2,0
ERS686709,K72PH164C2,0
ERS764452,K72PH164C2,0
ERS799798,K72PH164C2,0
ERS715410,K72PH164C2,0
ERS686710,K72PH164C2,0
ERS686711,K72PH164C2,0
ERS685294,K72PH164C2,0
ERS747611,K72PH164C2,0
ERS744787,K72PH164C2,0
ERS702128,K72PH164C2,0
ERS715469,K72PH164C2,0
ERS715470,K72PH164C2,0
ERS715471,K72PH164C2,0
ERS706556,K72PH164C2,0
ERS718583,K72PH164C2,0
ERS715400,K72PH164C2,0
ERS702129,K72PH164C2,0
ERS523589,K72PH164C2,0
ERS715401,K72PH164C2,0
ERS715472,K72PH164C2,0
ERS702130,K72PH164C2,0
ERS685295,K72PH164C2,0
ERS718584,K72PH164C2,0
ERS702131,K72PH164C2,0
ERS686706,K72PH164C2,0
ERS702132,K72PH164C2,0
ERS702133,K72PH164C2,0
ERS715473,K72PH164C2,0
ERS659577,K72PH164C2,0
ERS659578,K72PH164C2,0
ERS659579,K72PH164C2,0
ERS659580,K72PH164C2,0
ERS659581,K72PH164C2,0
ERS739095,K74PH129C2,0
sampleK3,K74PH129C2,0
sampleK4,K74PH129C2,0
ERS812516,K74PH129C2,0
ERS739094,K74PH129C2,0
ERS706552,K74PH129C2,0
ERS523587,K74PH129C2,0
ERS747603,K74PH129C2,0
ERS706553,K74PH129C2,0
ERS659571,K74PH129C2,0
ERS706554,K74PH129C2,0
ERS706555,K74PH129C2,0
ERS743101,K74PH129C2,0
ERS799795,K74PH129C2,0
ERS799796,K74PH129C2,0
ERS764450,K74PH129C2,0
ERS764451,K74PH129C2,0
ERS686707,K74PH129C2,0
ERS523588,K74PH129C2,0
ERS715468,K74PH129C2,0
ERS747612,K74PH129C2,0
ERS685293,K74PH129C2,0
ERS799797,K74PH129C2,0
ERS702127,K74PH129C2,0
ERS715399,K74PH129C2,0
ERS701896,K74PH129C2,0
ERS736962,K74PH129C2,0
ERS686708,K74PH129C2,0
ERS715409,K74PH129C2,0
ERS686709,K74PH129C2,0
ERS764452,K74PH129C2,0
ERS799798,K74PH129C2,0
ERS715410,K74PH129C2,0
ERS686710,K74PH129C2,0
ERS686711,K74PH129C2,0
ERS685294,K74PH129C2,0
ERS747611,K74PH129C2,0
ERS744787,K74PH129C2,0
ERS702128,K74PH129C2,0
ERS715469,K74PH129C2,0
ERS715470,K74PH129C2,0
ERS715471,K74PH129C2,0
ERS706556,K74PH129C2,0
ERS718583,K74PH129C2,0
ERS715400,K74PH129C2,0
ERS702129,K74PH129C2,0
ERS523589,K74PH129C2,0
ERS715401,K74PH129C2,0
ERS715472,K74PH129C2,0
ERS702130,K74PH129C2,0
ERS685295,K74PH129C2,0
ERS718584,K74PH129C2,0
ERS702131,K74PH129C2,1
ERS686706,K74PH129C2,0
ERS702132,K74PH129C2,0
ERS702133,K74PH129C2,0
ERS715473,K74PH129C2,0
ERS659577,K74PH129C2,1
ERS659578,K74PH129C2,0
ERS659579,K74PH129C2,0
ERS659580,K74PH129C2,0
ERS659581,K74PH129C2,0
ERS739095,K82P1,0
sampleK3,K82P1,0
sampleK4,K82P1,0
ERS812516,K82P1,0
ERS739094,K82P1,0
ERS706552,K82P1,0
ERS523587,K82P1,0
ERS747603,K82P1,0
ERS706553,K82P1,0
ERS659571,K82P1,0
ERS706554,K82P1,0
ERS706555,K82P1,0
ERS743101,K82P1,0
ERS799795,K82P1,0
ERS799796,K82P1,0
ERS764450,K82P1,0
ERS764451,K82P1,0
ERS686707,K82P1,0
ERS523588,K82P1,0
ERS715468,K82P1,0
ERS747612,K82P1,0
ERS685293,K82P1,0
ERS799797,K82P1,0
ERS702127,K82P1,0
ERS715399,K82P1,0
ERS701896,K82P1,0
ERS736962,K82P1,0
ERS686708,K82P1,0
ERS715409,K82P1,0
ERS686709,K82P1,0
ERS764452,K82P1,0
ERS799798,K82P1,0
ERS715410,K82P1,0
ERS686710,K82P1,0
ERS686711,K82P1,0
ERS685294,K82P1,0
ERS747611,K82P1,0
ERS744787,K82P1,0
ERS702128,K82P1,0
ERS715469,K82P1,0
ERS715470,K82P1,0
ERS715471,K82P1,0
ERS706556,K82P1,0
ERS718583,K82P1,0
ERS715400,K82P1,0
ERS702129,K82P1,0
ERS523589,K82P1,0
ERS715401,K82P1,0
ERS715472,K82P1,0
ERS702130,K82P1,0
ERS685295,K82P1,0
ERS718584,K82P1,0
ERS702131,K82P1,0
ERS686706,K82P1,0
ERS702132,K82P1,0
ERS702133,K82P1,0
ERS715473,K82P1,0
ERS659577,K82P1,0
ERS659578,K82P1,0
ERS659579,K82P1,0
ERS659580,K82P1,0
ERS659581,K82P1,1
